1, ,Noun,||
2,12 pm,Noun,|12 pm|
3,1 Kings,Noun,|1 Kings|
4,1 Peter,Noun,|1s Peter|
5,1 pm,Noun,|1 pm|
6,2 John,Noun,|2 John|
7,2 Kings,Noun,|2 Kings|
8,3 am,Noun,|3 am|
9,465 BC,Noun,|465s BC|
10,474 BC,Noun,|474s BC|
11,479 BC,Noun,|479s BC|
12,480 BC,Noun,|480s BC|
13,481 BC,Noun,|481s BC|
14,483 BC,Noun,|483s BC|
15,484 BC,Noun,|484s BC|
16,486 BC,Noun,|486s BC|
17,539 BC,Noun,|539 BC|
18,612 BC,Noun,|612 BC|
19,660 BC,Noun,|660s BC|
20,6 am,Noun,|6 am|
21,701 BC,Noun,|701 BC|
22,9 pm,Noun,|9 pm|
23,Aaron,Noun,|Aarons|
24,Abaddon,Noun,|Abaddons|
25,Abagtha,Noun,|Abagthas|
26,abba,Noun,|abbas|
27,Abda,Noun,|Abdas|
28,Abdon,Noun,|Abdons|
29,Abdon,Noun,|Abdons|
30,Abednego,Noun,|Abednegos|
31,Abel,Noun,|Abels|
32,Abel-Meholah,Noun,|Abel-Meholahs|
33,Abel Beth Maakah,Noun,|Abels Beth Maakah|
34,Abel Keramim,Noun,|Abels Keramim|
35,Abel Mizraim,Noun,|Abels Mizraim|
36,Abi-Albon,Noun,|Abi-Albons|
37,Abiasaph,Noun,|Abiasaphs|
38,Abiathar,Noun,|Abiathars|
39,Abib,Noun,|Abibs|
40,Abida,Noun,|Abidas|
41,Abiel,Noun,|Abiels|
42,Abiezer,Noun,|Abiezers|
43,Abiezrite,Noun,|Abiezrites|
44,Abigail,Noun,|Abigails|
45,Abihail,Noun,|Abihails|
46,Abihu,Noun,|Abihus|
47,Abihud,Noun,|Abihuds|
48,Abijah,Noun,|Abijahs|
49,Abilene,Noun,|Abilenes|
50,Abimael,Noun,|Abimaels|
51,Abimelech,Noun,|Abimeleches|
52,Abimelek,Noun,|Abimeleks|
53,Abinadab,Noun,|Abinadabs|
54,Abinoam,Noun,|Abinoams|
55,Abishag,Noun,|Abishags|
56,Abishai,Noun,|Abishais|
57,Abital,Noun,|Abitals|
58,Abner,Noun,|Abners|
59,Abraham,Noun,|Abrahams|
60,Abram,Noun,|Abrams|
61,Absalom,Noun,|Absaloms|
62,Acacia,Noun,|Acacias|
63,Acbor,Noun,|Acbors|
64,Achaia,Noun,|Achaias|
65,Achan,Noun,|Achans|
66,Achim,Noun,|Achims|
67,Achish,Noun,|Achishes|
68,Achor,Noun,|Achors|
69,acre,Noun,|acres|
70,Acsah,Noun,|Acsahs|
71,action,Noun,|actions|
72,activity,Noun,|activities|
73,Acts,Noun,|Acts|
74,Aczib,Noun,|Aczibs|
75,Adadah,Noun,|Adadahs|
76,Adah,Noun,|Adahs|
77,Adaiah,Noun,|Adaiahs|
78,Adalia,Noun,|Adalias|
79,Adam,Noun,|Adams|
80,Adam,Noun,|Adams|
81,Adamah,Noun,|Adamahs|
82,Adami Nekeb,Noun,|Adamis Nekeb|
83,Adar,Noun,|Adars|
84,Adbeel,Noun,|Adbeels|
85,Addar,Noun,|Addars|
86,Addi,Noun,|Addis|
87,Addon,Noun,|Addons|
88,Adin,Noun,|Adins|
89,Adin,Noun,|Adins|
90,Adithaim,Noun,|Adithaims|
91,Admah,Noun,|Admahs|
92,Admatha,Noun,|Admathas|
93,Admin,Noun,|Admins|
94,Adna,Noun,|Adnas|
95,Adoni-Bezek,Noun,|Adoni-Bezeks|
96,Adoni-Zedek,Noun,|Adoni-Zedeks|
97,Adonijah,Noun,|Adonijahs|
98,Adonikam,Noun,|Adonikams|
99,Adoniram,Noun,|Adonirams|
100,Adramyttium,Noun,|Adramyttiums|
101,Adriel,Noun,|Adriels|
102,Adullam,Noun,|Adullams|
103,adult,Noun,|adults|
104,adultery,Noun,|adultery|
105,advice,Noun,|advice|
106,adviser,Noun,|advisers|
107,Aeneas,Noun,|Aeneases|
108,Aenon,Noun,|Aenons|
109,afternoon,Noun,|afternoons|
110,Agabus,Noun,|Agabuses|
111,Agag,Noun,|Agags|
112,Agagite,Noun,|Agagites|
113,age,Noun,|ages|
114,Agee,Noun,|Agees|
115,agreement,Noun,|agreements|
116,Agrippa,Noun,|Agrippas|
117,Agur,Noun,|Agurs|
118,Agus,Noun,|Aguses|
119,Ahab,Noun,|Ahabs|
120,Ahasbai,Noun,|Ahasbais|
121,Ahaz,Noun,|Ahazs|
122,Ahiah,Noun,|Ahiahs|
123,Ahiam,Noun,|Ahiams|
124,Ahijah,Noun,|Ahijahs|
125,Ahilud,Noun,|Ahiluds|
126,Ahimaaz,Noun,|Ahimaazs|
127,Ahiman,Noun,|Ahimans|
128,Ahimelek,Noun,|Ahimeleks|
129,Ahinadab,Noun,|Ahinadabs|
130,Ahinoam,Noun,|Ahinoams|
131,Ahio,Noun,|Ahios|
132,Ahishar,Noun,|Ahishars|
133,Ahithophel,Noun,|Ahithophels|
134,Ahitub,Noun,|Ahitubs|
135,Ahlab,Noun,|Ahlabs|
136,Ahoh,Noun,|Ahohs|
137,Ahohi,Noun,|Ahohis|
138,Ahuzzath,Noun,|Ahuzzaths|
139,Ahzai,Noun,|Ahzais|
140,Ai,Noun,|Ais|
141,Aiah,Noun,|Aiahs|
142,AIDS,Noun,|AIDS|
143,Aija,Noun,|Aijas|
144,Aijalon,Noun,|Aijalons|
145,Ain,Noun,|Ains|
146,air,Noun,|air|
147,Ajani,Noun,|Ajanis|
148,Akan,Noun,|Akans|
149,Akbor,Noun,|Akbors|
150,Akeldama,Noun,|Akeldamas|
151,Akim,Noun,|Akims|
152,Akkad,Noun,|Akkads|
153,Akko,Noun,|Akkos|
154,Akkub,Noun,|Akkubs|
155,Aksah,Noun,|Aksahs|
156,Akshaph,Noun,|Akshaphs|
157,Akzib,Noun,|Akzibs|
158,alabaster,Noun,|alabaster|
159,alcohol,Noun,|alcohol|
160,Alex,Noun,|Alexes|
161,Alexander,Noun,|Alexanders|
162,Alexandria,Noun,|Alexandrias|
163,Allammelek,Noun,|Allammeleks|
164,Allon Bakuth,Noun,|Allons Bakuth|
165,Almodad,Noun,|Almodads|
166,Almon,Noun,|Almons|
167,almond,Noun,|almonds|
168,aloe,Noun,|aloes|
169,Aloth,Noun,|Aloths|
170,Alphaeus,Noun,|Alphaeuses|
171,altar,Noun,|altars|
172,Alvah,Noun,|Alvahs|
173,Alvan,Noun,|Alvans|
174,Amad,Noun,|Amads|
175,Amalek,Noun,|Amaleks|
176,Amalek,Noun,|Amaleks|
177,Amalekite,Noun,|Amalekites|
178,Amam,Noun,|Amams|
179,Amariah,Noun,|Amariahs|
180,Amasa,Noun,|Amasas|
181,Amashsai,Noun,|Amashsais|
182,Amittai,Noun,|Amittais|
183,Ammah,Noun,|Ammahs|
184,Ammiel,Noun,|Ammiels|
185,Ammihud,Noun,|Ammihuds|
186,Amminadab,Noun,|Amminadabs|
187,Ammon,Noun,|Ammons|
188,Ammonite,Noun,|Ammonites|
189,Amnon,Noun,|Amnons|
190,Amok,Noun,|Amoks|
191,Amon,Noun,|Amons|
192,Amorite,Noun,|Amorites|
193,Amos,Noun,|Amoses|
194,Amos,Noun,|Amoses|
195,amount,Noun,|amounts|
196,Amphipolis,Noun,|Amphipolises|
197,Amram,Noun,|Amrams|
198,Amraphel,Noun,|Amraphels|
199,Amzi,Noun,|Amzis|
200,Anab,Noun,|Anabs|
201,Anah,Noun,|Anahs|
202,Anah,Noun,|Anahs|
203,Anaharath,Noun,|Anaharaths|
204,Anaiah,Noun,|Anaiahs|
205,Anak,Noun,|Anaks|
206,Anakite,Noun,|Anakites|
207,Anamite,Noun,|Anamites|
208,Anan,Noun,|Anans|
209,Ananiah,Noun,|Ananiahs|
210,Ananiah,Noun,|Ananiahs|
211,Ananias,Noun,|Ananiases|
212,Anath,Noun,|Anaths|
213,Anathoth,Noun,|Anathoths|
214,ancestor,Noun,|ancestors|
215,Ancient of Days,Noun,|Ancient of Days|
216,Andrew,Noun,|Andrews|
217,Aner,Noun,|Aners|
218,angel,Noun,|angels|
219,anger,Noun,|anger|
220,Anim,Noun,|Anims|
221,animal,Noun,|animals|
222,ankle,Noun,|ankles|
223,Anna,Noun,|Annas|
224,Annas,Noun,|Annases|
225,Anointed One,Noun,|Anointeds One|
226,answer,Noun,|answers|
227,ant,Noun,|ants|
228,Antioch,Noun,|Antioches|
229,Antipas,Noun,|Antipases|
230,Antipatris,Noun,|Antipatrises|
231,ape,Noun,|apes|
232,Aphek,Noun,|Apheks|
233,Aphekah,Noun,|Aphekahs|
234,Aphekk,Noun,|Aphekks|
235,Aphiah,Noun,|Aphiahs|
236,Apollonia,Noun,|Apollonias|
237,Apollos,Noun,|Apolloses|
238,apostle,Noun,|apostles|
239,Apphia,Noun,|Apphias|
240,Appius,Noun,|Appiuses|
241,apple,Noun,|apples|
242,April,Noun,|Aprils|
243,Aquila,Noun,|Aquilas|
244,Arab,Noun,|Arabs|
245,Arabah,Noun,|Arabahs|
246,Arabia,Noun,|Arabias|
247,Arad,Noun,|Arads|
248,Arah,Noun,|Arahs|
249,Aram,Noun,|Arams|
250,Aram,Noun,|Arams|
251,Aram,Noun,|Arams|
252,Aramaic,Noun,|Aramaics|
253,Aramean,Noun,|Arameans|
254,Aran,Noun,|Arans|
255,Ararat,Noun,|Ararats|
256,Araunah,Noun,|Araunahs|
257,Arba,Noun,|Arbas|
258,Arbah,Noun,|Arbahs|
259,Archelaus,Noun,|Archelauses|
260,Archippus,Noun,|Archippuses|
261,Ard,Noun,|Ards|
262,area,Noun,|areas|
263,Areli,Noun,|Arelis|
264,Areopagus,Noun,|Areopagus|
265,Argob,Noun,|Argobs|
266,argument,Noun,|arguments|
267,Aridai,Noun,|Aridais|
268,Aridatha,Noun,|Aridathas|
269,Arimathea,Noun,|Arimatheas|
270,Arioch,Noun,|Arioches|
271,Arisai,Noun,|Arisais|
272,Aristarchus,Noun,|Aristarchuses|
273,ark,Noun,|arks|
274,Arkite,Noun,|Arkites|
275,ark of the covenant,Noun,|arks of the covenant|
276,arm,Noun,|arms|
277,Armoni,Noun,|Armonis|
278,armor,Noun,|armor|
279,army,Noun,|armies|
280,Arni,Noun,|Arnis|
281,Arnon,Noun,|Arnons|
282,Arnon Valley,Noun,|Arnons Valley|
283,Arodi,Noun,|Arodis|
284,Aroer,Noun,|Aroers|
285,Arphaxad,Noun,|Arphaxads|
286,arrow,Noun,|arrows|
287,Artabanus,Noun,|Artabanuses|
288,Artaxerxes,Noun,|Artaxerxeses|
289,Artemas,Noun,|Artemases|
290,Artemis,Noun,|Artemises|
291,Arubboth,Noun,|Arubboths|
292,Arumah,Noun,|Arumahs|
293,Arvadite,Noun,|Arvadites|
294,Asa,Noun,|Asas|
295,Asahel,Noun,|Asahels|
296,Asaph,Noun,|Asaphs|
297,Asenath,Noun,|Asenaths|
298,ash,Noun,|ashes|
299,Ashan,Noun,|Ashans|
300,Ashbel,Noun,|Ashbels|
301,Ashdod,Noun,|Ashdods|
302,Asher,Noun,|Ashers|
303,Asher,Noun,|Ashers|
304,Asherah,Noun,|Asherahs|
305,Ashkelon,Noun,|Ashkelons|
306,Ashkenaz,Noun,|Ashkenazs|
307,Ashnah,Noun,|Ashnahs|
308,Ashpenaz,Noun,|Ashpenazs|
309,Ashtaroth,Noun,|Ashtaroths|
310,Ashteroth Karnaim,Noun,|Ashteroths Karnaim|
311,Ashtoreth,Noun,|Ashtoreths|
312,Ashuri,Noun,|Ashuris|
313,Ashurite,Noun,|Ashurites|
314,Asia,Noun,|Asias|
315,Aspatha,Noun,|Aspathas|
316,Asriel,Noun,|Asriels|
317,Asshur,Noun,|Asshurs|
318,Assir,Noun,|Assirs|
319,Assos,Noun,|Assoses|
320,Assyria,Noun,|Assyrias|
321,astrologer,Noun,|astrologers|
322,Atad,Noun,|Atads|
323,Ataroth,Noun,|Ataroths|
324,Ataroth Addar,Noun,|Ataroths Addar|
325,Ater,Noun,|Aters|
326,Ater,Noun,|Aters|
327,Athaiah,Noun,|Athaiahs|
328,Athak,Noun,|Athaks|
329,Athens,Noun,|Athenses|
330,Attalia,Noun,|Attalias|
331,Augustus,Noun,|Augustuses|
332,authority,Noun,|authority|
333,Avian Influenza,Noun,|Avian Influenza|
334,Avith,Noun,|Aviths|
335,Aviv,Noun,|Avivs|
336,Avvim,Noun,|Avvims|
337,Avvite,Noun,|Avvites|
338,axe,Noun,|axes|
339,Azaniah,Noun,|Azaniahs|
340,Azarel,Noun,|Azarels|
341,Azariah,Noun,|Azariahs|
342,Azbuk,Noun,|Azbuks|
343,Azekah,Noun,|Azekahs|
344,Azgad,Noun,|Azgads|
345,Azgad,Noun,|Azgads|
346,Azmaveth,Noun,|Azmaveths|
347,Azmon,Noun,|Azmons|
348,Aznoth Tabor,Noun,|Aznoths Tabor|
349,Azor,Noun,|Azors|
350,Azotus,Noun,|Azotuses|
351,Azrikam,Noun,|Azrikams|
352,Azzur,Noun,|Azzurs|
353,Baal,Noun,|Baals|
354,Baal-Hanan,Noun,|Baal-Hanans|
355,Baalah,Noun,|Baalahs|
356,Baalath,Noun,|Baalaths|
357,Baalath Beer,Noun,|Baalaths Beer|
358,Baal Berith,Noun,|Baals Berith|
359,Baal Gad,Noun,|Baals Gad|
360,Baal Hazor,Noun,|Baals Hazor|
361,Baal Perazim,Noun,|Baals Perazim|
362,Baal Tamar,Noun,|Baals Tamar|
363,Baal Zephon,Noun,|Baals Zephon|
364,Baana,Noun,|Baanas|
365,Baanah,Noun,|Baanahs|
366,Babel,Noun,|Babels|
367,baby,Noun,|babies|
368,baby,Noun,|babies|
369,Babylon,Noun,|Babylons|
370,Babylonia,Noun,|Babylonias|
371,Babylonian,Noun,|Babylonians|
372,back,Noun,|backs|
373,badger rock,Noun,|badgers|
374,bag,Noun,|bags|
375,Bahurim,Noun,|Bahurims|
376,Bakbuk,Noun,|Bakbuks|
377,Bakbukiah,Noun,|Bakbukiahs|
378,Balaam,Noun,|Balaams|
379,Balah,Noun,|Balahs|
380,Balak,Noun,|Balaks|
381,bamboo,Noun,|bamboo|
382,Bamoth Baal,Noun,|Bamoths Baal|
383,bandage,Noun,|bandages|
384,Bani,Noun,|Banis|
385,bank,Noun,|banks|
386,Baptist,Noun,|Baptists|
387,bar,Noun,|bars|
388,Bar-Jesus,Noun,|Bar-Jesuses|
389,Barabbas,Noun,|Barabbases|
390,Barak,Noun,|Baraks|
391,Barhum,Noun,|Barhums|
392,bark,Noun,|bark|
393,Barkos,Noun,|Barkoses|
394,barley,Noun,|barley|
395,barn,Noun,|barns|
396,Barnabas,Noun,|Barnabases|
397,Barsabbas,Noun,|Barsabbases|
398,Bartholomew,Noun,|Bartholomews|
399,Bartimaeus,Noun,|Bartimaeuses|
400,Baruch,Noun,|Baruches|
401,Barzillai,Noun,|Barzillais|
402,Basemath,Noun,|Basemaths|
403,Bashan,Noun,|Bashans|
404,basket,Noun,|baskets|
405,bathroom,Noun,|bathrooms|
406,Bathsheba,Noun,|Bathshebas|
407,battle,Noun,|battles|
408,battlefield,Noun,|battlefields|
409,Bazluth,Noun,|Bazluths|
410,beak,Noun,|beaks|
411,Bealoth,Noun,|Bealoths|
412,beam,Noun,|beams|
413,bean,Noun,|beans|
414,bear,Noun,|bears|
415,beard,Noun,|beards|
416,beast,Noun,|beasts|
417,Beautiful,Noun,|Beautifuls|
418,Beautiful Land,Noun,|Beautifuls Land|
419,Bebai,Noun,|Bebais|
420,Bebai,Noun,|Bebais|
421,Becorath,Noun,|Becoraths|
422,bed,Noun,|beds|
423,Bedad,Noun,|Bedads|
424,bedroom,Noun,|bedrooms|
425,bee,Noun,|bees|
426,Beelzebul,Noun,|Beelzebuls|
427,beer,Noun,|beer|
428,Beer,Noun,|Beers|
429,Beer-Lahai-Roi,Noun,|Beer-Lahai-Rois|
430,Beeri,Noun,|Beeris|
431,Beeroth,Noun,|Beeroths|
432,Beersheba,Noun,|Beershebas|
433,Be Eshtarah,Noun,|Bes Eshtarah|
434,beginning,Noun,|beginnings|
435,beka,Noun,|bekas|
436,Beker,Noun,|Bekers|
437,Bekorath,Noun,|Bekoraths|
438,Bela,Noun,|Belas|
439,Bela,Noun,|Belas|
440,believer,Noun,|believers|
441,Belshazzar,Noun,|Belshazzars|
442,belt,Noun,|belts|
443,Belteshazzar,Noun,|Belteshazzars|
444,Ben-Abinadab,Noun,|Ben-Abinadabs|
445,Ben-Ammi,Noun,|Ben-Ammis|
446,Ben-Deker,Noun,|Ben-Dekers|
447,Ben-Geber,Noun,|Ben-Gebers|
448,Ben-Hesed,Noun,|Ben-Heseds|
449,Ben-Hur,Noun,|Ben-Hurs|
450,Ben-Oni,Noun,|Ben-Onis|
451,Benaiah,Noun,|Benaiahs|
452,Bene Berak,Noun,|Benes Berak|
453,Ben Hinnom,Noun,|Bens Hinnom|
454,Beninu,Noun,|Beninus|
455,Benjamin,Noun,|Benjamins|
456,Benjamite,Noun,|Benjamites|
457,Beor,Noun,|Beors|
458,Bera,Noun,|Beras|
459,Berea,Noun,|Bereas|
460,Bered,Noun,|Bereds|
461,Berekiah,Noun,|Berekiahs|
462,Beriah,Noun,|Beriahs|
463,Berite,Noun,|Berites|
464,Bernice,Noun,|Bernices|
465,Beroth,Noun,|Beroths|
466,Berothai,Noun,|Berothais|
467,berry,Noun,|berries|
468,Besai,Noun,|Besais|
469,Besodeiah,Noun,|Besodeiahs|
470,Besor,Noun,|Besors|
471,Beten,Noun,|Betens|
472,Beth-Anath,Noun,|Beth-Anaths|
473,Beth-Barah,Noun,|Beth-Barahs|
474,Beth-Shan,Noun,|Beth-Shans|
475,Beth-Shemesh,Noun,|Beth-Shemeshes|
476,Beth-Shittah,Noun,|Beth-Shittahs|
477,Beth Anoth,Noun,|Beths Anoth|
478,Bethany,Noun,|Bethanies|
479,Beth Arabah,Noun,|Beths Arabah|
480,Beth Aven,Noun,|Beths Aven|
481,Beth Azmaveth,Noun,|Beths Azmaveth|
482,Beth Baal Meon,Noun,|Beths Baal Meon|
483,Beth Dagon,Noun,|Beths Dagon|
484,Bethel,Noun,|Bethels|
485,Beth Emek,Noun,|Beths Emek|
486,Bethesda,Noun,|Bethesdas|
487,Beth Gilgal,Noun,|Beths Gilgal|
488,Beth Hakkerem,Noun,|Beths Hakkerem|
489,Beth Haram,Noun,|Beths Haram|
490,Beth Hoglah,Noun,|Beths Hoglah|
491,Beth Horon,Noun,|Beths Horon|
492,Beth Jeshimoth,Noun,|Beths Jeshimoth|
493,Beth Kar,Noun,|Beths Kar|
494,Beth Lebaoth,Noun,|Beths Lebaoth|
495,Bethlehem,Noun,|Bethlehems|
496,Beth Markaboth,Noun,|Beths Markaboth|
497,Beth Millo,Noun,|Beths Millo|
498,Beth Nimrah,Noun,|Beths Nimrah|
499,Beth Pazzez,Noun,|Beths Pazzez|
500,Beth Pelet,Noun,|Beths Pelet|
501,Beth Peor,Noun,|Beths Peor|
502,Bethphage,Noun,|Bethphages|
503,Beth Rehob,Noun,|Beths Rehob|
504,Bethsaida,Noun,|Bethsaidas|
505,Beth Tappuah,Noun,|Beths Tappuah|
506,Bethuel,Noun,|Bethuels|
507,Bethul,Noun,|Bethuls|
508,Beth Zur,Noun,|Beths Zur|
509,Betonim,Noun,|Betonims|
510,Bezai,Noun,|Bezais|
511,Bezai,Noun,|Bezais|
512,Bezek,Noun,|Bezeks|
513,Bezer,Noun,|Bezers|
514,Bigtha,Noun,|Bigthas|
515,Bigthana,Noun,|Bigthanas|
516,Bigvai,Noun,|Bigvais|
517,Bikri,Noun,|Bikris|
518,Bilgah,Noun,|Bilgahs|
519,Bilgai,Noun,|Bilgais|
520,Bilhah,Noun,|Bilhahs|
521,Bilhan,Noun,|Bilhans|
522,bill,Noun,|bills|
523,Bilshan,Noun,|Bilshans|
524,Binnui,Noun,|Binnuis|
525,bird,Noun,|birds|
526,Birsha,Noun,|Birshas|
527,birth,Noun,|births|
528,birthday,Noun,|birthdays|
529,Bithynia,Noun,|Bithynias|
530,Biziothiah,Noun,|Biziothiahs|
531,Biztha,Noun,|Bizthas|
532,blade,Noun,|blades|
533,blanket,Noun,|blankets|
534,Blastus,Noun,|Blastuses|
535,bleach,Noun,|bleach|
536,blessing,Noun,|blessings|
537,block,Noun,|blocks|
538,blood,Noun,|blood|
539,Boanerges,Noun,|Boanergeses|
540,board,Noun,|boards|
541,boat,Noun,|boats|
542,Boaz,Noun,|Boazs|
543,body,Noun,|bodies|
544,Bohan,Noun,|Bohans|
545,boil,Noun,|boils|
546,Bokim,Noun,|Bokims|
547,bone,Noun,|bones|
548,book,Noun,|books|
549,Book of Life,Noun,|Books of Life|
550,Book of Moses,Noun,|Books of Moses|
551,book of the annals,Noun,|books of the annals|
552,Book of the Law,Noun,|Books of the Law|
553,Book of the Law of God,Noun,|Books of the Law of God|
554,Book of the Law of Moses,Noun,|Books of the Law of Moses|
555,Book of Truth,Noun,|Books of Truth|
556,Bor Ashan,Noun,|Bors Ashan|
557,border,Noun,|borders|
558,boss,Noun,|bosses|
559,bottom,Noun,|bottoms|
560,bow,Noun,|bows|
561,bowl,Noun,|bowls|
562,box,Noun,|boxes|
563,box treasury,Noun,|boxes|
564,boy,Noun,|boys|
565,Bozez,Noun,|Bozezs|
566,Bozkath,Noun,|Bozkaths|
567,Bozrah,Noun,|Bozrahs|
568,bracelet,Noun,|bracelets|
569,branch,Noun,|branches|
570,bread,Noun,|bread|
571,breast,Noun,|breasts|
572,breast-milk,Noun,|breast-milk|
573,breastplate,Noun,|breastplates|
574,bribe,Noun,|bribes|
575,brick,Noun,|bricks|
576,bride,Noun,|brides|
577,bridle,Noun,|bridles|
578,bronze,Noun,|bronze|
579,brother,Noun,|brothers|
580,brother,Noun,|brothers|
581,brother,Noun,|brothers|
582,brother-in-law,Noun,|brother-in-laws|
583,bucket,Noun,|buckets|
584,building,Noun,|buildings|
585,Bul,Noun,|Buls|
586,bull,Noun,|bulls|
587,Bunni,Noun,|Bunnis|
588,bush,Noun,|bushes|
589,butter,Noun,|butter|
590,Buz,Noun,|Buzs|
591,Byblos,Noun,|Bybloses|
592,Cabbon,Noun,|Cabbons|
593,Caesar,Noun,|Caesars|
594,Caesarea,Noun,|Caesareas|
595,Caesarea Philippi,Noun,|Caesareas Philippi|
596,cage,Noun,|cages|
597,Caiaphas,Noun,|Caiaphases|
598,Cain,Noun,|Cains|
599,Cainan,Noun,|Cainans|
600,cake,Noun,|cakes|
601,Calah,Noun,|Calahs|
602,Caleb,Noun,|Calebs|
603,calf,Noun,|calves|
604,Calneh,Noun,|Calnehs|
605,camel,Noun,|camels|
606,camp,Noun,|camps|
607,Cana,Noun,|Canas|
608,Canaan,Noun,|Canaans|
609,Canaan,Noun,|Canaans|
610,Canaanite,Noun,|Canaanites|
611,Candace,Noun,|Candaces|
612,candle,Noun,|candles|
613,Capernaum,Noun,|Capernaums|
614,Caphtorite,Noun,|Caphtorites|
615,capital,Noun,|capitals|
616,Cappadocia,Noun,|Cappadocias|
617,captain,Noun,|captains|
618,Carcas,Noun,|Carcases|
619,Carmel,Noun,|Carmels|
620,Carmi,Noun,|Carmis|
621,carpenter,Noun,|carpenters|
622,Carshena,Noun,|Carshenas|
623,Casluhite,Noun,|Casluhites|
624,castanet,Noun,|castanets|
625,cat,Noun,|cats|
626,cattle,Noun,|cattle|
627,Cauda,Noun,|Caudas|
628,cave,Noun,|caves|
629,cave of Adullam,Noun,|caves of Adullam|
630,cedar,Noun,|cedar|
631,cemetery,Noun,|cemeteries|
632,Cenchrea,Noun,|Cenchreas|
633,center,Noun,|centers|
634,centimeter,Noun,|centimeters|
635,centurion,Noun,|centurions|
636,Cephas,Noun,|Cephases|
637,chaff,Noun,|chaff|
638,chain,Noun,|chains|
639,chair,Noun,|chairs|
640,Chaldea,Noun,|Chaldeas|
641,Chaldean,Noun,|Chaldeans|
642,chapter,Noun,|chapters|
643,characteristic,Noun,|characteristics|
644,chariot,Noun,|chariots|
645,chasm,Noun,|chasms|
646,cheek,Noun,|cheeks|
647,cheese,Noun,|cheese|
648,Chemosh,Noun,|Chemoshes|
649,cherub,Noun,|cherubim|
650,chest,Noun,|chests|
651,chicken,Noun,|chickens|
652,chief,Noun,|chiefs|
653,Chief,Noun,|Chiefs|
654,child,Noun,|children|
655,Chios,Noun,|Chioses|
656,choice,Noun,|choices|
657,choir,Noun,|choirs|
658,Chorazin,Noun,|Chorazins|
659,Christ,Noun,|Christs|
660,Christ,Noun,|Christs|
661,Christian,Noun,|Christians|
662,church,Noun,|churches|
663,Chuza,Noun,|Chuzas|
664,Cilicia,Noun,|Cilicias|
665,cinnamon,Noun,|cinnamon|
666,circle,Noun,|circles|
667,cistern,Noun,|cisterns|
668,citizen,Noun,|citizens|
669,City of David,Noun,|Cities|
670,city,Noun,|cities|
671,City of Salt,Noun,|Cities|
672,clan,Noun,|clans|
673,Claudius,Noun,|Claudiuses|
674,claw,Noun,|claws|
675,clay,Noun,|clay|
676,Clement,Noun,|Clements|
677,Cleopas,Noun,|Cleopases|
678,cliff,Noun,|cliffs|
679,clinic,Noun,|clinics|
680,cloth,Noun,|cloths|
681,clothes,Noun,|clothes|
682,cloud,Noun,|clouds|
683,club,Noun,|clubs|
684,Cnidus,Noun,|Cniduses|
685,coal,Noun,|coal|
686,coast,Noun,|coasts|
687,coat,Noun,|coats|
688,coffin,Noun,|coffins|
689,coin,Noun,|coins|
690,cold,Noun,|colds|
691,collector tax,Noun,|collectors|
692,color,Noun,|colors|
693,Colossae,Noun,|Colossaes|
694,Colossians,Noun,|Colossians|
695,colt,Noun,|colts|
696,comb,Noun,|combs|
697,command,Noun,|commands|
698,commander,Noun,|commanders|
699,commandment,Noun,|commandments|
700,companion,Noun,|companions|
701,concubine,Noun,|concubines|
702,condom,Noun,|condoms|
703,container,Noun,|containers|
704,conversation,Noun,|conversations|
705,copper,Noun,|copper|
706,copy,Noun,|copies|
707,cor,Noun,|cors|
708,Corban,Noun,|Corbans|
709,Corinth,Noun,|Corinths|
710,Cornelius,Noun,|Corneliuses|
711,corner,Noun,|corners|
712,corpse,Noun,|corpses|
713,Cos,Noun,|Coses|
714,Cosam,Noun,|Cosams|
715,couch,Noun,|couches|
716,council,Noun,|councils|
717,country,Noun,|countries|
718,courage,Noun,|courage|
719,court,Noun,|courts|
720,courtyard,Noun,|courtyards|
721,cousin,Noun,|cousins|
722,covenant,Noun,|covenants|
723,cover,Noun,|covers|
724,cow,Noun,|cows|
725,creature,Noun,|creatures|
726,Crete,Noun,|Cretes|
727,crime,Noun,|crimes|
728,criminal,Noun,|criminals|
729,Crispus,Noun,|Crispuses|
730,crop,Noun,|crops|
731,cross,Noun,|crosses|
732,crowd,Noun,|crowds|
733,crown,Noun,|crowns|
734,cub,Noun,|cubs|
735,cubit,Noun,|cubits|
736,cumin,Noun,|cumin|
737,cup,Noun,|cups|
738,curtain,Noun,|curtains|
739,curve,Noun,|curves|
740,Cush,Noun,|Cushes|
741,Cush,Noun,|Cushes|
742,Cushan,Noun,|Cushans|
743,Cushan-Rishathaim,Noun,|Cushan-Rishathaims|
744,cushion,Noun,|cushions|
745,custom,Noun,|customs|
746,cymbal,Noun,|cymbals|
747,Cyprus,Noun,|Cypruses|
748,Cyrene,Noun,|Cyrenes|
749,Cyrus,Noun,|Cyruses|
750,Dabbesheth,Noun,|Dabbesheths|
751,Daberath,Noun,|Daberaths|
752,Dagon,Noun,|Dagons|
753,Dalmanutha,Noun,|Dalmanuthas|
754,Dalphon,Noun,|Dalphons|
755,Damaris,Noun,|Damarises|
756,Damascus,Noun,|Damascuses|
757,Dan,Noun,|Dans|
758,Dan,Noun,|Dans|
759,Dan,Noun,|Dans|
760,danger,Noun,|danger|
761,Daniel,Noun,|Daniels|
762,Danite,Noun,|Danites|
763,Dan Jaan,Noun,|Dans Jaan|
764,Dannah,Noun,|Dannahs|
765,Darda,Noun,|Dardas|
766,Darius,Noun,|Dariuses|
767,darkness,Noun,|darkness|
768,Darkon,Noun,|Darkons|
769,date,Noun,|dates|
770,daughter,Noun,|daughters|
771,daughter-in-law,Noun,|daughters-in-law|
772,David,Noun,|Davids|
773,day,Noun,|days|
774,Day of Atonement,Noun,|Daies|
775,deacon,Noun,|deacons|
776,dead,Noun,|dead|
777,death,Noun,|death|
778,Debir,Noun,|Debirs|
779,Debir,Noun,|Debirs|
780,Deborah,Noun,|Deborahs|
781,debt,Noun,|debts|
782,Decapolis,Noun,|Decapolises|
783,decision,Noun,|decisions|
784,decree,Noun,|decrees|
785,Dedan,Noun,|Dedans|
786,deer,Noun,|deer|
787,Delaiah,Noun,|Delaiahs|
788,Delilah,Noun,|Delilahs|
789,Demas,Noun,|Demases|
790,Demetrius,Noun,|Demetriuses|
791,demon,Noun,|demons|
792,den,Noun,|dens|
793,denarius,Noun,|denarii|
794,Derbe,Noun,|Derbes|
795,descendant,Noun,|descendants|
796,desert,Noun,|deserts|
797,desert Sinai,Noun,|deserts|
798,Desert of Beersheba,Noun,|Deserts of Beersheba|
799,Desert of Beth Aven,Noun,|Deserts of Beth Aven|
800,Desert of En Gedi,Noun,|Deserts of En Gedi|
801,Desert of Negev,Noun,|Deserts of Negev|
802,Desert of Paran,Noun,|Deserts of Paran|
803,Desert of Sin,Noun,|Deserts of Sin|
804,Desert of Zin,Noun,|Deserts of Zin|
805,Desert of Ziph,Noun,|Deserts of Ziph|
806,Deuteronomy,Noun,|Deuteronomies|
807,device,Noun,|devices|
808,devil,Noun,|devils|
809,dew,Noun,|dew|
810,Dibon,Noun,|Dibons|
811,Diklah,Noun,|Diklahs|
812,Dilean,Noun,|Dileans|
813,dill,Noun,|dill|
814,Dimnah,Noun,|Dimnahs|
815,Dimonah,Noun,|Dimonahs|
816,Dinah,Noun,|Dinahs|
817,Dinhabah,Noun,|Dinhabahs|
818,dinner,Noun,|dinners|
819,Dionysius,Noun,|Dionysiuses|
820,direction,Noun,|directions|
821,dirt,Noun,|dirt|
822,disaster,Noun,|disasters|
823,disciple,Noun,|disciples|
824,disease,Noun,|diseases|
825,Dishan,Noun,|Dishans|
826,Dishon,Noun,|Dishons|
827,distance,Noun,|distances|
828,diviner,Noun,|diviners|
829,doctor,Noun,|doctors|
830,document,Noun,|documents|
831,Dodai,Noun,|Dodais|
832,Dodo,Noun,|Dodos|
833,Doeg,Noun,|Doegs|
834,dog,Noun,|dogs|
835,donkey,Noun,|donkeys|
836,door,Noun,|doors|
837,Dor,Noun,|Dors|
838,Dorcas,Noun,|Dorcases|
839,Dothan,Noun,|Dothans|
840,dough,Noun,|dough|
841,dove,Noun,|doves|
842,dream,Noun,|dreams|
843,dress,Noun,|dresses|
844,drink,Noun,|drinks|
845,drop,Noun,|drops|
846,drug,Noun,|drugs|
847,Drusilla,Noun,|Drusillas|
848,duck,Noun,|ducks|
849,Dumah,Noun,|Dumahs|
850,dung,Noun,|dung|
851,Dura,Noun,|Duras|
852,dust,Noun,|dust|
853,eagle,Noun,|eagles|
854,ear,Noun,|ears|
855,earring,Noun,|earrings|
856,earth,Noun,|earths|
857,earthquake,Noun,|earthquakes|
858,east,Noun,|east|
859,Ebal,Noun,|Ebals|
860,Ebed,Noun,|Ebeds|
861,Ebenezer,Noun,|Ebenezers|
862,Eber,Noun,|Ebers|
863,Ebez,Noun,|Ebezs|
864,Eden,Noun,|Edens|
865,Eder,Noun,|Eders|
866,edge,Noun,|edges|
867,Edom,Noun,|Edoms|
868,Edom,Noun,|Edoms|
869,Edomite,Noun,|Edomites|
870,Edrei,Noun,|Edreis|
871,egg,Noun,|eggs|
872,Eglah,Noun,|Eglahs|
873,Eglon,Noun,|Eglons|
874,Eglon,Noun,|Eglons|
875,Egypt,Noun,|Egypts|
876,Egyptian,Noun,|Egyptians|
877,Ehi,Noun,|Ehis|
878,Ehud,Noun,|Ehuds|
879,Ekron,Noun,|Ekrons|
880,El-Bethel,Noun,|El-Bethels|
881,El-Elohe-Israel,Noun,|El-Elohe-Israels|
882,Ela,Noun,|Elas|
883,Elah,Noun,|Elahs|
884,Elam,Noun,|Elams|
885,Elam,Noun,|Elams|
886,Elam,Noun,|Elams|
887,Elath,Noun,|Elaths|
888,El Berith,Noun,|Els Berith|
889,Eldaah,Noun,|Eldaahs|
890,elder,Noun,|elders|
891,Eleazar,Noun,|Eleazars|
892,Elhanan,Noun,|Elhanans|
893,Eli,Noun,|Elis|
894,Eliab,Noun,|Eliabs|
895,Eliada,Noun,|Eliadas|
896,Eliahba,Noun,|Eliahbas|
897,Eliakim,Noun,|Eliakims|
898,Eliam,Noun,|Eliams|
899,Eliashib,Noun,|Eliashibs|
900,Eliezer,Noun,|Eliezers|
901,Elihoreph,Noun,|Elihorephs|
902,Elihu,Noun,|Elihus|
903,Elihud,Noun,|Elihuds|
904,Elijah,Noun,|Elijahs|
905,Elika,Noun,|Elikas|
906,Elim,Noun,|Elims|
907,Elimelech,Noun,|Elimeleches|
908,Elioenai,Noun,|Elioenais|
909,Eliphaz,Noun,|Eliphazs|
910,Eliphelet,Noun,|Eliphelets|
911,Elisha,Noun,|Elishas|
912,Elishah,Noun,|Elishahs|
913,Elishama,Noun,|Elishamas|
914,Elisheba,Noun,|Elishebas|
915,Elishua,Noun,|Elishuas|
916,Eliud,Noun,|Eliuds|
917,Elizabeth,Noun,|Elizabeths|
918,Elkanah,Noun,|Elkanahs|
919,Elkosh,Noun,|Elkoshes|
920,Ellasar,Noun,|Ellasars|
921,Elmadam,Noun,|Elmadams|
922,Eloi,Noun,|Elois|
923,Elon,Noun,|Elons|
924,Elon,Noun,|Elons|
925,Elon-Bethhanan,Noun,|Elon-Bethhanans|
926,El Paran,Noun,|Els Paran|
927,Eltekeh,Noun,|Eltekehs|
928,Eltekon,Noun,|Eltekons|
929,Eltolad,Noun,|Eltolads|
930,Elul,Noun,|Eluls|
931,Elymas,Noun,|Elymases|
932,Elzaphan,Noun,|Elzaphans|
933,Emek Keziz,Noun,|Emeks Keziz|
934,Emite,Noun,|Emites|
935,Emmaus,Noun,|Emmauses|
936,emperor,Noun,|emperors|
937,Enaim,Noun,|Enaims|
938,Enam,Noun,|Enams|
939,enchanter,Noun,|enchanters|
940,end,Noun,|ends|
941,Endor,Noun,|Endors|
942,enemy,Noun,|enemies|
943,En Gannim,Noun,|Ens Gannim|
944,En Gedi,Noun,|Ens Gedi|
945,En Haddah,Noun,|Ens Haddah|
946,En Hakkore,Noun,|Ens Hakkore|
947,En Hazor,Noun,|Ens Hazor|
948,En Mishpat,Noun,|Ens Mishpat|
949,Enoch,Noun,|Enoches|
950,Enosh,Noun,|Enoshes|
951,En Rimmon,Noun,|Ens Rimmon|
952,En Rogel,Noun,|Ens Rogel|
953,En Shemesh,Noun,|Ens Shemesh|
954,En Tappuah,Noun,|Ens Tappuah|
955,entrance,Noun,|entrances|
956,Epaphras,Noun,|Epaphrases|
957,Epaphroditus,Noun,|Epaphrodituses|
958,Ephah,Noun,|Ephahs|
959,ephah,Noun,|ephahs|
960,Epher,Noun,|Ephers|
961,Ephes Dammim,Noun,|Epheses|
962,Ephesians,Noun,|Ephesians|
963,Ephesus,Noun,|Ephesuses|
964,ephod,Noun,|ephods|
965,Ephrah,Noun,|Ephrahs|
966,Ephraim,Noun,|Ephraims|
967,Ephraimite,Noun,|Ephraimites|
968,Ephrath,Noun,|Ephraths|
969,Ephrathah,Noun,|Ephrathahs|
970,Ephrathite,Noun,|Ephrathites|
971,Ephron,Noun,|Ephrons|
972,Epicurus,Noun,|Epicuruses|
973,Er,Noun,|Ers|
974,Erastus,Noun,|Erastuses|
975,Erech,Noun,|Ereches|
976,Eri,Noun,|Eris|
977,Esarhaddon,Noun,|Esarhaddons|
978,Esau,Noun,|Esaus|
979,Esek,Noun,|Eseks|
980,Eshan,Noun,|Eshans|
981,Eshban,Noun,|Eshbans|
982,Eshcol,Noun,|Eshcols|
983,Eshtaol,Noun,|Eshtaols|
984,Eshtemoa,Noun,|Eshtemoas|
985,Eshtemoh,Noun,|Eshtemohs|
986,Esli,Noun,|Eslis|
987,Esther,Noun,|Esthers|
988,Etham,Noun,|Ethams|
989,Ethan,Noun,|Ethans|
990,Ethanim,Noun,|Ethanims|
991,Ether,Noun,|Ethers|
992,Ethiopia,Noun,|Ethiopias|
993,Eth Kazin,Noun,|Eths Kazin|
994,eunuch,Noun,|eunuchs|
995,Euodia,Noun,|Euodias|
996,Euphrates,Noun,|Euphrateses|
997,Eutychus,Noun,|Eutychuses|
998,Eve,Noun,|Eves|
999,evening,Noun,|evenings|
1000,event,Noun,|events|
1001,Evi,Noun,|Evis|
1002,ewe,Noun,|ewes|
1003,example,Noun,|examples|
1004,Exodus,Noun,|Exoduses|
1005,expression,Noun,|expressions|
1006,eye,Noun,|eyes|
1007,Ezbon,Noun,|Ezbons|
1008,Ezel,Noun,|Ezels|
1009,Ezem,Noun,|Ezems|
1010,Ezer,Noun,|Ezers|
1011,Ezion Geber,Noun,|Ezions Geber|
1012,Ezra,Noun,|Ezras|
1013,Ezrahite,Noun,|Ezrahites|
1014,face,Noun,|faces|
1015,Fair Havens,Noun,|Fairs Havens|
1016,faith,Noun,|faith|
1017,Falala,Noun,|Falalas|
1018,fall,Noun,|falls|
1019,family,Noun,|families|
1020,famine,Noun,|famines|
1021,fare,Noun,|fares|
1022,farm,Noun,|farms|
1023,farmer,Noun,|farmers|
1024,fat,Noun,|fat|
1025,father,Noun,|fathers|
1026,Father,Noun,|Fathers|
1027,father-in-law,Noun,|father-in-laws|
1028,feast,Noun,|feasts|
1029,Feast of Booths,Noun,|Feasts of Booths|
1030,Feast of Harvest,Noun,|Feasts of Harvest|
1031,Feast of Ingathering,Noun,|Feasts of Ingathering|
1032,Feast of Tabernacles,Noun,|Feast of Tabernacles|
1033,Feast of the New Moon,Noun,|Feasts of the New Moon|
1034,Feast of Unleavened Bread,Noun,|Feasts of Unleavened Bread|
1035,feather,Noun,|feathers|
1036,feeling,Noun,|feelings|
1037,Felix,Noun,|Felixes|
1038,fellowship,Noun,|fellowship|
1039,fence,Noun,|fences|
1040,Festus,Noun,|Festuses|
1041,fever,Noun,|fevers|
1042,field,Noun,|fields|
1043,fig,Noun,|figs|
1044,finger,Noun,|fingers|
1045,fire,Noun,|fires|
1046,fish,Noun,|fish|
1047,fisherman,Noun,|fishermen|
1048,fist,Noun,|fists|
1049,flag,Noun,|flags|
1050,flake,Noun,|flakes|
1051,flax,Noun,|flax|
1052,flea,Noun,|fleas|
1053,flesh,Noun,|flesh|
1054,flock,Noun,|flocks|
1055,flood,Noun,|floods|
1056,floor threshing,Noun,|floors|
1057,floor,Noun,|floors|
1058,flour,Noun,|flour|
1059,flower,Noun,|flowers|
1060,flute,Noun,|flutes|
1061,fly,Noun,|flies|
1062,follower,Noun,|followers|
1063,Folly,Noun,|Follies|
1064,food,Noun,|food|
1065,fool,Noun,|fools|
1066,foot,Noun,|feet|
1067,forehead,Noun,|foreheads|
1068,foreigner,Noun,|foreigners|
1069,foreskin,Noun,|foreskins|
1070,forest,Noun,|forests|
1071,fork,Noun,|forks|
1072,foundation,Noun,|foundations|
1073,fox,Noun,|foxes|
1074,frame,Noun,|frames|
1075,frankincense,Noun,|frankincense|
1076,freedom,Noun,|freedom|
1077,friend,Noun,|friends|
1078,frog,Noun,|frogs|
1079,front,Noun,|fronts|
1080,frost,Noun,|frost|
1081,fruit,Noun,|fruit|
1082,fur,Noun,|fur|
1083,furnace,Noun,|furnaces|
1084,future,Noun,|future|
1085,Gaal,Noun,|Gaals|
1086,Gaash,Noun,|Gaashes|
1087,Gabbai,Noun,|Gabbais|
1088,Gabriel,Noun,|Gabriels|
1089,Gad,Noun,|Gads|
1090,Gad,Noun,|Gads|
1091,Gadara,Noun,|Gadaras|
1092,Gaham,Noun,|Gahams|
1093,Gahar,Noun,|Gahars|
1094,Gaius,Noun,|Gaiuses|
1095,Galal,Noun,|Galals|
1096,Galatia,Noun,|Galatias|
1097,Galeed,Noun,|Galeeds|
1098,Galilee,Noun,|Galilees|
1099,gall,Noun,|gall|
1100,Gallim,Noun,|Gallims|
1101,Gallio,Noun,|Gallios|
1102,Gamaliel,Noun,|Gamaliels|
1103,garbage,Noun,|garbage|
1104,garden,Noun,|gardens|
1105,Gareb,Noun,|Garebs|
1106,Gatam,Noun,|Gatams|
1107,Gate Dung,Noun,|Gates|
1108,Gate Fish,Noun,|Gates|
1109,Gate Fountain,Noun,|Gates|
1110,Gate Garbage,Noun,|Gates|
1111,Gate Guard,Noun,|Gates|
1112,Gate Horse,Noun,|Gates|
1113,Gate Inspection,Noun,|Gates|
1114,Gate Jeshanah,Noun,|Gates|
1115,Gate of Ephraim,Noun,|Gates|
1116,Gate Sheep,Noun,|Gates|
1117,Gate Valley,Noun,|Gates|
1118,Gate Water,Noun,|Gates|
1119,gate,Noun,|gates|
1120,Gath,Noun,|Gaths|
1121,Gath Hepher,Noun,|Gaths Hepher|
1122,Gath Rimmon,Noun,|Gaths Rimmon|
1123,Gaza,Noun,|Gazas|
1124,gazelle,Noun,|gazelles|
1125,Gazzam,Noun,|Gazzams|
1126,Geba,Noun,|Gebas|
1127,Gebalite,Noun,|Gebalites|
1128,Geber,Noun,|Gebers|
1129,Geder,Noun,|Geders|
1130,Gederah,Noun,|Gederahs|
1131,Gederoth,Noun,|Gederoths|
1132,Gederothaim,Noun,|Gederothaims|
1133,Gedor,Noun,|Gedors|
1134,Ge Harashim,Noun,|Ges Harashim|
1135,Geliloth,Noun,|Geliloths|
1136,gem,Noun,|gems|
1137,genealogy,Noun,|genealogies|
1138,generation,Noun,|generations|
1139,Genesis,Noun,|Genesises|
1140,Gennesaret,Noun,|Gennesarets|
1141,Gentile,Noun,|Gentiles|
1142,Gera,Noun,|Geras|
1143,Gerar,Noun,|Gerars|
1144,Gerasa,Noun,|Gerasas|
1145,Gerasene,Noun,|Gerasenes|
1146,Gergesene,Noun,|Gergesenes|
1147,germ,Noun,|germs|
1148,Gershom,Noun,|Gershoms|
1149,Gershon,Noun,|Gershons|
1150,Geshem,Noun,|Geshems|
1151,Geshur,Noun,|Geshurs|
1152,Geshurite,Noun,|Geshurites|
1153,Gether,Noun,|Gethers|
1154,Gethsemane,Noun,|Gethsemanes|
1155,Gezer,Noun,|Gezers|
1156,ghost,Noun,|ghosts|
1157,Giah,Noun,|Giahs|
1158,giant,Noun,|giants|
1159,Gibbethon,Noun,|Gibbethons|
1160,Gibeah,Noun,|Gibeahs|
1161,Gibeah of God,Noun,|Gibeahs of God|
1162,Gibeath Haaraloth,Noun,|Gibeaths Haaraloth|
1163,Gibeon,Noun,|Gibeons|
1164,Gibeonite,Noun,|Gibeonites|
1165,Giddel,Noun,|Giddels|
1166,Gideon,Noun,|Gideons|
1167,Gidom,Noun,|Gidoms|
1168,gift,Noun,|gifts|
1169,Gihon,Noun,|Gihons|
1170,Gilalai,Noun,|Gilalais|
1171,Gilboa,Noun,|Gilboas|
1172,Gilead,Noun,|Gileads|
1173,Gilead,Noun,|Gileads|
1174,Gilgal,Noun,|Gilgals|
1175,Giloh,Noun,|Gilohs|
1176,Ginnethon,Noun,|Ginnethons|
1177,Girgashite,Noun,|Girgashites|
1178,girl,Noun,|girls|
1179,Girzi,Noun,|Girzis|
1180,Girzite,Noun,|Girzites|
1181,Gishpa,Noun,|Gishpas|
1182,Gittaim,Noun,|Gittaims|
1183,Gittite,Noun,|Gittites|
1184,glory,Noun,|glory|
1185,Glory of Israel,Noun,|Glories|
1186,glove,Noun,|gloves|
1187,gnat,Noun,|gnats|
1188,goad,Noun,|goads|
1189,goal,Noun,|goals|
1190,goat,Noun,|goats|
1191,Gob,Noun,|Gobs|
1192,goblet,Noun,|goblets|
1193,God,Noun,|Gods|
1194,God Eternal,Noun,|Gods|
1195,God highest,Noun,|Gods|
1196,god,Noun,|gods|
1197,God Almighty,Noun,|Gods Almighty|
1198,God Most High,Noun,|Gods Most High|
1199,Goiim,Noun,|Goiims|
1200,Golan,Noun,|Golans|
1201,gold,Noun,|gold|
1202,Golgotha,Noun,|Golgothas|
1203,Goliath,Noun,|Goliaths|
1204,Gomer,Noun,|Gomers|
1205,Gomorrah,Noun,|Gomorrahs|
1206,goodness,Noun,|goodness|
1207,Good News,Noun,|Good News|
1208,goods,Noun,|goods|
1209,Goshen,Noun,|Goshens|
1210,gospel,Noun,|gospels|
1211,government,Noun,|governments|
1212,governor,Noun,|governors|
1213,Goyim,Noun,|Goyims|
1214,grace,Noun,|grace|
1215,grain,Noun,|grains|
1216,grain,Noun,|grain|
1217,gram,Noun,|grams|
1218,grandchild,Noun,|grandchildren|
1219,granddaughter,Noun,|granddaughters|
1220,grandfather,Noun,|grandfathers|
1221,grandson,Noun,|grandsons|
1222,grape,Noun,|grapes|
1223,grass,Noun,|grass|
1224,grave,Noun,|graves|
1225,Greater Sidon,Noun,|Greaters Sidon|
1226,Greece,Noun,|Greeces|
1227,Greek,Noun,|Greeks|
1228,groom,Noun,|grooms|
1229,ground,Noun,|grounds|
1230,group,Noun,|groups|
1231,grove olive,Noun,|groves|
1232,guard,Noun,|guards|
1233,guardian-redeemer,Noun,|guardian-redeemers|
1234,guest,Noun,|guests|
1235,guide,Noun,|guides|
1236,Guni,Noun,|Gunis|
1237,Habakkuk,Noun,|Habakkuks|
1238,Habakkuk,Noun,|Habakkuks|
1239,Hachmon,Noun,|Hachmons|
1240,Hadad,Noun,|Hadads|
1241,Hadadezer,Noun,|Hadadezers|
1242,Hadashah,Noun,|Hadashahs|
1243,Hadassah,Noun,|Hadassahs|
1244,Hades,Noun,|Hadeses|
1245,Hadid,Noun,|Hadids|
1246,Hadoram,Noun,|Hadorams|
1247,Haeleph,Noun,|Haelephs|
1248,Hagaba,Noun,|Hagabas|
1249,Hagar,Noun,|Hagars|
1250,Haggai,Noun,|Haggais|
1251,Haggedolim,Noun,|Haggedolims|
1252,Haggi,Noun,|Haggis|
1253,Haggith,Noun,|Haggiths|
1254,Hagri,Noun,|Hagris|
1255,hail,Noun,|hail|
1256,hair,Noun,|hairs|
1257,Hakaliah,Noun,|Hakaliahs|
1258,Hakilah,Noun,|Hakilahs|
1259,Hakkoz,Noun,|Hakkozs|
1260,Hakmon,Noun,|Hakmons|
1261,Hakupha,Noun,|Hakuphas|
1262,Halhul,Noun,|Halhuls|
1263,Hali,Noun,|Halis|
1264,Hall of Justice,Noun,|Halls of Justice|
1265,Hallohesh,Noun,|Halloheshes|
1266,Ham,Noun,|Hams|
1267,Ham,Noun,|Hams|
1268,Haman,Noun,|Hamans|
1269,Hamath,Noun,|Hamaths|
1270,Hamathite,Noun,|Hamathites|
1271,Hammath,Noun,|Hammaths|
1272,Hammedatha,Noun,|Hammedathas|
1273,hammer,Noun,|hammers|
1274,Hammon,Noun,|Hammons|
1275,Hammoth Dor,Noun,|Hammoths Dor|
1276,Hamor,Noun,|Hamors|
1277,Hamul,Noun,|Hamuls|
1278,Hanan,Noun,|Hanans|
1279,Hanani,Noun,|Hananis|
1280,Hananiah,Noun,|Hananiahs|
1281,hand,Noun,|hands|
1282,Hannah,Noun,|Hannahs|
1283,Hannathon,Noun,|Hannathons|
1284,Hanok,Noun,|Hanoks|
1285,Hanun,Noun,|Hanuns|
1286,Hapharaim,Noun,|Hapharaims|
1287,Haran,Noun,|Harans|
1288,Haran,Noun,|Harans|
1289,Harar,Noun,|Harars|
1290,Harbona,Noun,|Harbonas|
1291,harbor,Noun,|harbors|
1292,Harhaiah,Noun,|Harhaiahs|
1293,Harhur,Noun,|Harhurs|
1294,Harim,Noun,|Harims|
1295,Hariph,Noun,|Hariphs|
1296,Hariph,Noun,|Hariphs|
1297,Harod,Noun,|Harods|
1298,Harosheth-Haggoyim,Noun,|Harosheth-Haggoyims|
1299,harp,Noun,|harps|
1300,Harsha,Noun,|Harshas|
1301,Harumaph,Noun,|Harumaphs|
1302,Hashabiah,Noun,|Hashabiahs|
1303,Hashabnah,Noun,|Hashabnahs|
1304,Hashabneiah,Noun,|Hashabneiahs|
1305,Hashbaddanah,Noun,|Hashbaddanahs|
1306,Hashum,Noun,|Hashums|
1307,Hashum,Noun,|Hashums|
1308,Hassenaah,Noun,|Hassenaahs|
1309,Hassenuah,Noun,|Hassenuahs|
1310,Hasshub,Noun,|Hasshubs|
1311,Hasupha,Noun,|Hasuphas|
1312,hat,Noun,|hats|
1313,Hathak,Noun,|Hathaks|
1314,Hatipha,Noun,|Hatiphas|
1315,Hatita,Noun,|Hatitas|
1316,Hattil,Noun,|Hattils|
1317,Hattush,Noun,|Hattushes|
1318,Havilah,Noun,|Havilahs|
1319,Havvoth Jair,Noun,|Havvoths Jair|
1320,Hazaiah,Noun,|Hazaiahs|
1321,Hazar Gaddah,Noun,|Hazars Gaddah|
1322,Hazarmaveth,Noun,|Hazarmaveths|
1323,Hazar Shual,Noun,|Hazars Shual|
1324,Hazar Susah,Noun,|Hazars Susah|
1325,Hazezon Tamar,Noun,|Hazezons Tamar|
1326,Hazo,Noun,|Hazos|
1327,Hazor,Noun,|Hazors|
1328,Hazor,Noun,|Hazors|
1329,Hazor Hadattah,Noun,|Hazors Hadattah|
1330,head,Noun,|heads|
1331,heart,Noun,|hearts|
1332,heat,Noun,|heat|
1333,heaven,Noun,|heavens|
1334,heaven,Noun,|heavens|
1335,Heber,Noun,|Hebers|
1336,Hebrew,Noun,|Hebrews|
1337,Hebrew,Noun,|Hebrews|
1338,Hebrews,Noun,|Hebrewses|
1339,Hebron,Noun,|Hebrons|
1340,hectare,Noun,|hectares|
1341,heel,Noun,|heels|
1342,Hegai,Noun,|Hegais|
1343,height,Noun,|heights|
1344,Helam,Noun,|Helams|
1345,Helbah,Noun,|Helbahs|
1346,Heled,Noun,|Heleds|
1347,Helek,Noun,|Heleks|
1348,Heleph,Noun,|Helephs|
1349,Helez,Noun,|Helezs|
1350,Heli,Noun,|Helis|
1351,Helkai,Noun,|Helkais|
1352,Helkath,Noun,|Helkaths|
1353,Helkath Hazzurim,Noun,|Helkaths Hazzurim|
1354,hell,Noun,|hells|
1355,helmet,Noun,|helmets|
1356,Heman,Noun,|Hemans|
1357,Hemdan,Noun,|Hemdans|
1358,Henadad,Noun,|Henadads|
1359,Hepher,Noun,|Hephers|
1360,Hepher,Noun,|Hephers|
1361,herald,Noun,|heralds|
1362,herb,Noun,|herbs|
1363,herd,Noun,|herds|
1364,Heres,Noun,|Hereses|
1365,Hereth,Noun,|Hereths|
1366,Hermes,Noun,|Hermeses|
1367,Herod,Noun,|Herods|
1368,Herodias,Noun,|Herodiases|
1369,Heshbon,Noun,|Heshbons|
1370,Heshmon,Noun,|Heshmons|
1371,Heth,Noun,|Heths|
1372,Heth,Noun,|Heths|
1373,Hezekiah,Noun,|Hezekiahs|
1374,Hezir,Noun,|Hezirs|
1375,Hezro,Noun,|Hezros|
1376,Hezron,Noun,|Hezrons|
1377,Hezron,Noun,|Hezrons|
1378,Hiddai,Noun,|Hiddais|
1379,Hierapolis,Noun,|Hierapolises|
1380,Hilkiah,Noun,|Hilkiahs|
1381,Hill of Ophel,Noun,|Hills|
1382,hill,Noun,|hills|
1383,Hillel,Noun,|Hillels|
1384,hip,Noun,|hips|
1385,Hirah,Noun,|Hirahs|
1386,Hiram,Noun,|Hirams|
1387,history,Noun,|histories|
1388,Hittite,Noun,|Hittites|
1389,HIV,Noun,|HIV|
1390,Hivite,Noun,|Hivites|
1391,Hobab,Noun,|Hobabs|
1392,Hobah,Noun,|Hobahs|
1393,Hobaiah,Noun,|Hobaiahs|
1394,Hodaviah,Noun,|Hodaviahs|
1395,Hodiah,Noun,|Hodiahs|
1396,Hoglah,Noun,|Hoglahs|
1397,Hoham,Noun,|Hohams|
1398,hole,Noun,|holes|
1399,holiday,Noun,|holidays|
1400,Holon,Noun,|Holons|
1401,Holy Place,Noun,|Holies|
1402,Holy Spirit,Noun,|Holies|
1403,Homam,Noun,|Homams|
1404,honey,Noun,|honey|
1405,honor,Noun,|honor|
1406,hook,Noun,|hooks|
1407,hope,Noun,|hope|
1408,Hophni,Noun,|Hophnis|
1409,Horam,Noun,|Horams|
1410,Horeb,Noun,|Horebs|
1411,Horem,Noun,|Horems|
1412,Horesh,Noun,|Horeshes|
1413,Hori,Noun,|Horis|
1414,Horite,Noun,|Horites|
1415,Hormah,Noun,|Hormahs|
1416,horn,Noun,|horns|
1417,hornet,Noun,|hornets|
1418,Horon,Noun,|Horons|
1419,Horonaim,Noun,|Horonaims|
1420,horse,Noun,|horses|
1421,Hosah,Noun,|Hosahs|
1422,Hosanna,Noun,|Hosannas|
1423,Hosea,Noun,|Hoseas|
1424,Hoshaiah,Noun,|Hoshaiahs|
1425,Hoshea,Noun,|Hosheas|
1426,hour,Noun,|hours|
1427,house,Noun,|houses|
1428,House of the Forest of Lebanon,Noun,|Houses of the Forest of Lebanon|
1429,Hukkok,Noun,|Hukkoks|
1430,Hul,Noun,|Huls|
1431,human,Noun,|humans|
1432,Humtah,Noun,|Humtahs|
1433,Huppim,Noun,|Huppims|
1434,Hur,Noun,|Hurs|
1435,husband,Noun,|husbands|
1436,Hushah,Noun,|Hushahs|
1437,Hushai,Noun,|Hushais|
1438,Husham,Noun,|Hushams|
1439,Hushath,Noun,|Hushaths|
1440,Hushim,Noun,|Hushims|
1441,hymn,Noun,|hymns|
1442,hypocrite,Noun,|hypocrites|
1443,I AM,Noun,|Is AM|
1444,Ibhar,Noun,|Ibhars|
1445,Ibleam,Noun,|Ibleams|
1446,Ibzan,Noun,|Ibzans|
1447,ice,Noun,|ice|
1448,Ichabod,Noun,|Ichabods|
1449,Iconium,Noun,|Iconiums|
1450,Idalah,Noun,|Idalahs|
1451,Iddo,Noun,|Iddos|
1452,idea,Noun,|ideas|
1453,idol,Noun,|idols|
1454,Idumea,Noun,|Idumeas|
1455,Igal,Noun,|Igals|
1456,Iim,Noun,|Iims|
1457,Ikkesh,Noun,|Ikkeshes|
1458,Ilym,Noun,|Ilyms|
1459,image,Noun,|images|
1460,Immanuel,Noun,|Immanuels|
1461,Immer,Noun,|Immers|
1462,Imnah,Noun,|Imnahs|
1463,Imri,Noun,|Imris|
1464,incense,Noun,|incense|
1465,inch,Noun,|inches|
1466,India,Noun,|Indias|
1467,information,Noun,|information|
1468,Iniko,Noun,|Inikos|
1469,injury,Noun,|injuries|
1470,inn,Noun,|inns|
1471,insect,Noun,|insects|
1472,inside,Noun,|insides|
1473,instruction,Noun,|instructions|
1474,instrument,Noun,|instruments|
1475,interest,Noun,|interest|
1476,intestine,Noun,|intestines|
1477,Iphtah,Noun,|Iphtahs|
1478,Ira,Noun,|Iras|
1479,Irad,Noun,|Irads|
1480,Iram,Noun,|Irams|
1481,iron,Noun,|iron|
1482,Iron,Noun,|Irons|
1483,Irpeel,Noun,|Irpeels|
1484,Ir Shemesh,Noun,|Irs Shemesh|
1485,Isaac,Noun,|Isaacs|
1486,Isaiah,Noun,|Isaiahs|
1487,Isak,Noun,|Isaks|
1488,Iscah,Noun,|Iscahs|
1489,Ish-Bosheth,Noun,|Ish-Bosheths|
1490,Ishbak,Noun,|Ishbaks|
1491,Ishbi-Benob,Noun,|Ishbi-Benobs|
1492,Ishmael,Noun,|Ishmaels|
1493,Ishmaelite,Noun,|Ishmaelites|
1494,Ishvah,Noun,|Ishvahs|
1495,Ishvi,Noun,|Ishvis|
1496,island,Noun,|islands|
1497,Israel,Noun,|Israels|
1498,Israel,Noun,|Israels|
1499,Israelite,Noun,|Israelites|
1500,Issachar,Noun,|Issachars|
1501,it,Noun,|its|
1502,Italy,Noun,|Italies|
1503,Ithai,Noun,|Ithais|
1504,Ithamar,Noun,|Ithamars|
1505,Ithiel,Noun,|Ithiels|
1506,Ithlah,Noun,|Ithlahs|
1507,Ithnan,Noun,|Ithnans|
1508,Ithran,Noun,|Ithrans|
1509,Ithream,Noun,|Ithreams|
1510,Ittai,Noun,|Ittais|
1511,Iturea,Noun,|Itureas|
1512,ivory,Noun,|ivory|
1513,Izhar,Noun,|Izhars|
1514,Jaala,Noun,|Jaalas|
1515,Jabal,Noun,|Jabals|
1516,Jabbok,Noun,|Jabboks|
1517,Jabesh,Noun,|Jabeshes|
1518,Jabesh Gilead,Noun,|Jabeshes|
1519,Jabin,Noun,|Jabins|
1520,Jabneel,Noun,|Jabneels|
1521,jackal,Noun,|jackals|
1522,Jacob,Noun,|Jacobs|
1523,Jaddu,Noun,|Jaddus|
1524,Jaddua,Noun,|Jadduas|
1525,Jadon,Noun,|Jadons|
1526,Jael,Noun,|Jaels|
1527,Jagur,Noun,|Jagurs|
1528,Jahaz,Noun,|Jahazs|
1529,Jahleel,Noun,|Jahleels|
1530,Jahziel,Noun,|Jahziels|
1531,Jair,Noun,|Jairs|
1532,Jair,Noun,|Jairs|
1533,Jairus,Noun,|Jairuses|
1534,Jakeh,Noun,|Jakehs|
1535,Jakin,Noun,|Jakins|
1536,Jalam,Noun,|Jalams|
1537,James,Noun,|Jameses|
1538,Jamin,Noun,|Jamins|
1539,Janet,Noun,|Janets|
1540,Janim,Noun,|Janims|
1541,Jannai,Noun,|Jannais|
1542,Janoah,Noun,|Janoahs|
1543,Japheth,Noun,|Japheths|
1544,Japhia,Noun,|Japhias|
1545,Japhia,Noun,|Japhias|
1546,Japhletite,Noun,|Japhletites|
1547,jar,Noun,|jars|
1548,Jared,Noun,|Jareds|
1549,Jarmuth,Noun,|Jarmuths|
1550,Jashar,Noun,|Jashars|
1551,Jashen,Noun,|Jashens|
1552,Jashub,Noun,|Jashubs|
1553,Jason,Noun,|Jasons|
1554,Jattir,Noun,|Jattirs|
1555,Javan,Noun,|Javans|
1556,jaw,Noun,|jaws|
1557,Jazar,Noun,|Jazars|
1558,Jazer,Noun,|Jazers|
1559,Jebusite,Noun,|Jebusites|
1560,Jeconiah,Noun,|Jeconiahs|
1561,Jedaiah,Noun,|Jedaiahs|
1562,Jedidiah,Noun,|Jedidiahs|
1563,Jeduthun,Noun,|Jeduthuns|
1564,Jegar Sahadutha,Noun,|Jegars Sahadutha|
1565,Jehohanan,Noun,|Jehohanans|
1566,Jehoiachin,Noun,|Jehoiachins|
1567,Jehoiada,Noun,|Jehoiadas|
1568,Jehoiakim,Noun,|Jehoiakims|
1569,Jehonathan,Noun,|Jehonathans|
1570,Jehoram,Noun,|Jehorams|
1571,Jehoshaphat,Noun,|Jehoshaphats|
1572,Jehovah Jireh,Noun,|Jehovah Jireh|
1573,Jehovah Nissi,Noun,|Jehovahs Nissi|
1574,Jehud,Noun,|Jehuds|
1575,Jekabzeel,Noun,|Jekabzeels|
1576,Jemuel,Noun,|Jemuels|
1577,Jephthah,Noun,|Jephthahs|
1578,Jephunneh,Noun,|Jephunnehs|
1579,Jerah,Noun,|Jerahs|
1580,Jerahmeel,Noun,|Jerahmeels|
1581,Jerahmeelite,Noun,|Jerahmeelites|
1582,Jeremiah,Noun,|Jeremiahs|
1583,Jericho,Noun,|Jerichos|
1584,Jeroboam,Noun,|Jeroboams|
1585,Jeroham,Noun,|Jerohams|
1586,Jerub-Baal,Noun,|Jerub-Baals|
1587,Jerub-Besheth,Noun,|Jerub-Besheths|
1588,Jerusalem,Noun,|Jerusalems|
1589,Jeshaiah,Noun,|Jeshaiahs|
1590,Jeshimon,Noun,|Jeshimons|
1591,Jeshua,Noun,|Jeshuas|
1592,Jeshua,Noun,|Jeshuas|
1593,Jesse,Noun,|Jesses|
1594,Jesus,Noun,|Jesuses|
1595,Jesus-Barabbas,Noun,|Jesus-Barabbases|
1596,Jether,Noun,|Jethers|
1597,Jetheth,Noun,|Jetheths|
1598,Jethro,Noun,|Jethros|
1599,Jetur,Noun,|Jeturs|
1600,Jeush,Noun,|Jeushes|
1601,Jew,Noun,|Jews|
1602,jewel,Noun,|jewels|
1603,jewelry,Noun,|jewelry|
1604,Jezebel,Noun,|Jezebels|
1605,Jezer,Noun,|Jezers|
1606,Jezrahiah,Noun,|Jezrahiahs|
1607,Jezreel,Noun,|Jezreels|
1608,Jidlaph,Noun,|Jidlaphs|
1609,Joab,Noun,|Joabs|
1610,Joanan,Noun,|Joanans|
1611,Joanna,Noun,|Joannas|
1612,Joash,Noun,|Joashes|
1613,job,Noun,|jobs|
1614,Jobab,Noun,|Jobabs|
1615,Jochebed,Noun,|Jochebeds|
1616,Joda,Noun,|Jodas|
1617,Joed,Noun,|Joeds|
1618,Joel,Noun,|Joels|
1619,Jogbehah,Noun,|Jogbehahs|
1620,Johanan,Noun,|Johanans|
1621,John,Noun,|Johns|
1622,Joiada,Noun,|Joiadas|
1623,Joiakim,Noun,|Joiakims|
1624,Joiarib,Noun,|Joiaribs|
1625,Jokdeam,Noun,|Jokdeams|
1626,joke,Noun,|jokes|
1627,Jokmeam,Noun,|Jokmeams|
1628,Jokneam,Noun,|Jokneams|
1629,Jokshan,Noun,|Jokshans|
1630,Joktan,Noun,|Joktans|
1631,Joktheel,Noun,|Joktheels|
1632,Jonadab,Noun,|Jonadabs|
1633,Jonah,Noun,|Jonahs|
1634,Jonam,Noun,|Jonams|
1635,Jonathan,Noun,|Jonathans|
1636,Joppa,Noun,|Joppas|
1637,Joram,Noun,|Jorams|
1638,Jordan,Noun,|Jordans|
1639,Jordan Valley,Noun,|Jordans Valley|
1640,Jorim,Noun,|Jorims|
1641,Josech,Noun,|Joseches|
1642,Joseph,Noun,|Josephs|
1643,Josheb-Basshebeth,Noun,|Josheb-Basshebeths|
1644,Joshua,Noun,|Joshuas|
1645,Josiah,Noun,|Josiahs|
1646,Jotham,Noun,|Jothams|
1647,joy,Noun,|joy|
1648,Jozabad,Noun,|Jozabads|
1649,Jozadak,Noun,|Jozadaks|
1650,Jubal,Noun,|Jubals|
1651,Judah,Noun,|Judahs|
1652,Judah,Noun,|Judahs|
1653,Judas,Noun,|Judases|
1654,Judas Iscariot,Noun,|Judases|
1655,Judea,Noun,|Judeas|
1656,judge,Noun,|judges|
1657,Judges,Noun,|Judgeses|
1658,Judith,Noun,|Judiths|
1659,Julius,Noun,|Juliuses|
1660,Jumoke,Noun,|Jumokes|
1661,June,Noun,|Junes|
1662,justice,Noun,|justice|
1663,Justus,Noun,|Justuses|
1664,Juttah,Noun,|Juttahs|
1665,Kabbon,Noun,|Kabbons|
1666,Kabul,Noun,|Kabuls|
1667,Kabzeel,Noun,|Kabzeels|
1668,Kadesh,Noun,|Kadeshes|
1669,Kadesh Barnea,Noun,|Kadeshes|
1670,Kadmiel,Noun,|Kadmiels|
1671,Kadmonite,Noun,|Kadmonites|
1672,Kain,Noun,|Kains|
1673,Kalkol,Noun,|Kalkols|
1674,Kallai,Noun,|Kallais|
1675,Kamon,Noun,|Kamons|
1676,Kanah,Noun,|Kanahs|
1677,Kande,Noun,|Kandes|
1678,Karka,Noun,|Karkas|
1679,Karkor,Noun,|Karkors|
1680,Karmi,Noun,|Karmis|
1681,Karshena,Noun,|Karshenas|
1682,Kartah,Noun,|Kartahs|
1683,Kartan,Noun,|Kartans|
1684,Kattath,Noun,|Kattaths|
1685,Kedar,Noun,|Kedars|
1686,Kedemah,Noun,|Kedemahs|
1687,Kedemoth,Noun,|Kedemoths|
1688,Kedesh,Noun,|Kedeshes|
1689,Kedorlaomer,Noun,|Kedorlaomers|
1690,Keilah,Noun,|Keilahs|
1691,Kelita,Noun,|Kelitas|
1692,Kemuel,Noun,|Kemuels|
1693,Kenan,Noun,|Kenans|
1694,Kenani,Noun,|Kenanis|
1695,Kenaz,Noun,|Kenazs|
1696,Kenite,Noun,|Kenites|
1697,Kenizzite,Noun,|Kenizzites|
1698,Kephar Ammoni,Noun,|Kephars Ammoni|
1699,Kephirah,Noun,|Kephirahs|
1700,Keran,Noun,|Kerans|
1701,Kereth,Noun,|Kereths|
1702,Kerethite,Noun,|Kerethites|
1703,Kerioth Hezron,Noun,|Kerioths Hezron|
1704,Keros,Noun,|Keroses|
1705,Kerub,Noun,|Kerubs|
1706,Kesed,Noun,|Keseds|
1707,Kesil,Noun,|Kesils|
1708,Kesulloth,Noun,|Kesulloths|
1709,Keturah,Noun,|Keturahs|
1710,key,Noun,|keys|
1711,Kezib,Noun,|Kezibs|
1712,Kibzaim,Noun,|Kibzaims|
1713,Kileab,Noun,|Kileabs|
1714,Kilion,Noun,|Kilions|
1715,kilogram,Noun,|kilograms|
1716,kilometer,Noun,|kilometers|
1717,Kimham,Noun,|Kimhams|
1718,Kinah,Noun,|Kinahs|
1719,kind,Noun,|kinds|
1720,king,Noun,|kings|
1721,King,Noun,|Kings|
1722,kingdom,Noun,|kingdoms|
1723,Kinnereth,Noun,|Kinnereths|
1724,Kiriath,Noun,|Kiriaths|
1725,Kiriath-Arba,Noun,|Kiriath-Arbas|
1726,Kiriath-Sepher,Noun,|Kiriath-Sephers|
1727,Kiriathaim,Noun,|Kiriathaims|
1728,Kiriath Baal,Noun,|Kiriaths Baal|
1729,Kiriath Jearim,Noun,|Kiriaths Jearim|
1730,Kiriath Sannah,Noun,|Kiriaths Sannah|
1731,Kish,Noun,|Kishes|
1732,Kishion,Noun,|Kishions|
1733,Kishon,Noun,|Kishons|
1734,Kislev,Noun,|Kislevs|
1735,Kisloth Tabor,Noun,|Kisloths Tabor|
1736,Kitlish,Noun,|Kitlishes|
1737,Kitron,Noun,|Kitrons|
1738,Kittite,Noun,|Kittites|
1739,knee,Noun,|knees|
1740,knife,Noun,|knives|
1741,knowledge,Noun,|knowledge|
1742,Kohath,Noun,|Kohaths|
1743,Kol-Hozeh,Noun,|Kol-Hozehs|
1744,Kolaiah,Noun,|Kolaiahs|
1745,Korah,Noun,|Korahs|
1746,Korazin,Noun,|Korazins|
1747,Kue,Noun,|Kues|
1748,Laban,Noun,|Labans|
1749,Lachish,Noun,|Lachishes|
1750,ladder,Noun,|ladders|
1751,Lahmas,Noun,|Lahmases|
1752,Laish,Noun,|Laishes|
1753,lake,Noun,|lakes|
1754,Lake Galilee,Noun,|Lakes Galilee|
1755,Lake Gennesaret,Noun,|Lakes Gennesaret|
1756,Lakkum,Noun,|Lakkums|
1757,lamb,Noun,|lambs|
1758,Lamech,Noun,|Lameches|
1759,lamp,Noun,|lamps|
1760,land,Noun,|land|
1761,language,Noun,|languages|
1762,Laodicea,Noun,|Laodiceas|
1763,Lappidoth,Noun,|Lappidoths|
1764,Lasea,Noun,|Laseas|
1765,Lasha,Noun,|Lashas|
1766,Lasharon,Noun,|Lasharons|
1767,law,Noun,|laws|
1768,Law,Noun,|Laws|
1769,lawyer,Noun,|lawyers|
1770,layer,Noun,|layers|
1771,Lazarus,Noun,|Lazaruses|
1772,lead,Noun,|lead|
1773,leader,Noun,|leaders|
1774,leaf,Noun,|leaves|
1775,Leah,Noun,|Leahs|
1776,leather,Noun,|leather|
1777,Lebana,Noun,|Lebanas|
1778,Lebanon,Noun,|Lebanons|
1779,Lebanon Valley,Noun,|Lebanons Valley|
1780,Lebaoth,Noun,|Lebaoths|
1781,Lebo-Hamath,Noun,|Lebo-Hamaths|
1782,Lebonah,Noun,|Lebonahs|
1783,leg,Noun,|legs|
1784,Legion,Noun,|Legions|
1785,Lehabite,Noun,|Lehabites|
1786,Lehi,Noun,|Lehis|
1787,Lemuel,Noun,|Lemuels|
1788,length,Noun,|lengths|
1789,lentil,Noun,|lentils|
1790,leopard,Noun,|leopards|
1791,leprosy,Noun,|leprosy|
1792,Leshem,Noun,|Leshems|
1793,lesson,Noun,|lessons|
1794,letter,Noun,|letters|
1795,Letush,Noun,|Letushes|
1796,Letushite,Noun,|Letushites|
1797,Leum,Noun,|Leums|
1798,Leummite,Noun,|Leummites|
1799,Levi,Noun,|Levis|
1800,Levi,Noun,|Levis|
1801,Levite,Noun,|Levites|
1802,Leviticus,Noun,|Leviticuses|
1803,Libnah,Noun,|Libnahs|
1804,Libni,Noun,|Libnis|
1805,Libya,Noun,|Libyas|
1806,life,Noun,|lives|
1807,ligament,Noun,|ligaments|
1808,light,Noun,|light|
1809,light,Noun,|lights|
1810,lightning,Noun,|lightning|
1811,lily,Noun,|lilies|
1812,line,Noun,|lines|
1813,linen,Noun,|linen|
1814,lion,Noun,|lions|
1815,lip,Noun,|lips|
1816,liquid,Noun,|liquids|
1817,list,Noun,|lists|
1818,liter,Noun,|liters|
1819,liver,Noun,|livers|
1820,livestock,Noun,|livestock|
1821,load,Noun,|loads|
1822,loaf,Noun,|loaves|
1823,locust,Noun,|locusts|
1824,Lod,Noun,|Lods|
1825,Lo Debar,Noun,|Los Debar|
1826,Lord,Noun,|Lords|
1827,Lord,Noun,|Lords|
1828,LORD,Noun,|LORDs|
1829,lord,Noun,|lords|
1830,LORD Almighty,Noun,|LORDs Almighty|
1831,lot,Noun,|lots|
1832,Lot,Noun,|Lots|
1833,Lotan,Noun,|Lotans|
1834,love,Noun,|love|
1835,Lower Beth Horon,Noun,|Lowers Beth Horon|
1836,Lucius,Noun,|Luciuses|
1837,Lud,Noun,|Luds|
1838,Ludite,Noun,|Ludites|
1839,Luke,Noun,|Lukes|
1840,Luz,Noun,|Luzs|
1841,Lycaonia,Noun,|Lycaonias|
1842,Lycia,Noun,|Lycias|
1843,Lydda,Noun,|Lyddas|
1844,Lydia,Noun,|Lydias|
1845,lyre,Noun,|lyres|
1846,Lysanias,Noun,|Lysaniases|
1847,Lysias,Noun,|Lysiases|
1848,Lystra,Noun,|Lystras|
1849,Maacah,Noun,|Maacahs|
1850,Maai,Noun,|Maais|
1851,Maakah,Noun,|Maakahs|
1852,Maakah,Noun,|Maakahs|
1853,Maarath,Noun,|Maaraths|
1854,Maaseiah,Noun,|Maaseiahs|
1855,Maath,Noun,|Maaths|
1856,Maaziah,Noun,|Maaziahs|
1857,Macedonia,Noun,|Macedonias|
1858,machine,Noun,|machines|
1859,Machpelah,Noun,|Machpelahs|
1860,Madai,Noun,|Madais|
1861,Madmannah,Noun,|Madmannahs|
1862,Madon,Noun,|Madons|
1863,Magadan,Noun,|Magadans|
1864,Magdalene,Noun,|Magdalenes|
1865,Magdiel,Noun,|Magdiels|
1866,maggot,Noun,|maggots|
1867,magic,Noun,|magic|
1868,magician,Noun,|magicians|
1869,Magog,Noun,|Magogs|
1870,Magpiash,Noun,|Magpiashes|
1871,Mahalalel,Noun,|Mahalalels|
1872,Mahalath,Noun,|Mahalaths|
1873,Mahanaim,Noun,|Mahanaims|
1874,Mahaneh Dan,Noun,|Mahanehs Dan|
1875,Maharai,Noun,|Maharais|
1876,Mahlah,Noun,|Mahlahs|
1877,Mahli,Noun,|Mahlis|
1878,Mahlon,Noun,|Mahlons|
1879,Mahol,Noun,|Mahols|
1880,Makaz,Noun,|Makazs|
1881,Makir,Noun,|Makirs|
1882,Makkedah,Noun,|Makkedahs|
1883,Malachi,Noun,|Malachis|
1884,Malachi,Noun,|Malachis|
1885,Malkiel,Noun,|Malkiels|
1886,Malkijah,Noun,|Malkijahs|
1887,Malki Shua,Noun,|Malkis Shua|
1888,Malluk,Noun,|Malluks|
1889,Malta,Noun,|Maltas|
1890,Mamre,Noun,|Mamres|
1891,Mamre,Noun,|Mamres|
1892,man,Noun,|men|
1893,Manaen,Noun,|Manaens|
1894,manager,Noun,|managers|
1895,Manahath,Noun,|Manahaths|
1896,Manasseh,Noun,|Manassehs|
1897,manger,Noun,|mangers|
1898,manna,Noun,|manna|
1899,Manoah,Noun,|Manoahs|
1900,manure,Noun,|manure|
1901,manuscript,Noun,|manuscripts|
1902,Maok,Noun,|Maoks|
1903,Maon,Noun,|Maons|
1904,Maonite,Noun,|Maonites|
1905,Mara,Noun,|Maras|
1906,Marah,Noun,|Marahs|
1907,Maralah,Noun,|Maralahs|
1908,marble,Noun,|marble|
1909,March,Noun,|Marches|
1910,Mareshah,Noun,|Mareshahs|
1911,mark,Noun,|marks|
1912,Mark,Noun,|Marks|
1913,market,Noun,|markets|
1914,marriage,Noun,|marriages|
1915,Marsena,Noun,|Marsenas|
1916,Martha,Noun,|Marthas|
1917,Mary,Noun,|Maries|
1918,Mary Magdalene,Noun,|Maries|
1919,mason,Noun,|masons|
1920,Masrekah,Noun,|Masrekahs|
1921,Massa,Noun,|Massas|
1922,Massah,Noun,|Massahs|
1923,master,Noun,|masters|
1924,mat,Noun,|mats|
1925,mate,Noun,|mates|
1926,Matred,Noun,|Matreds|
1927,Matri,Noun,|Matris|
1928,Mattaniah,Noun,|Mattaniahs|
1929,Mattatha,Noun,|Mattathas|
1930,Mattathias,Noun,|Mattathiases|
1931,Mattenai,Noun,|Mattenais|
1932,Matthan,Noun,|Matthans|
1933,Matthat,Noun,|Matthats|
1934,Matthew,Noun,|Matthews|
1935,Matthias,Noun,|Matthiases|
1936,Mattithiah,Noun,|Mattithiahs|
1937,Me-Zahab,Noun,|Me-Zahabs|
1938,meal,Noun,|meals|
1939,meaning,Noun,|meanings|
1940,meat,Noun,|meat|
1941,Medan,Noun,|Medans|
1942,Medeba,Noun,|Medebas|
1943,Media,Noun,|Medias|
1944,medicine,Noun,|medicine|
1945,Mediterranean,Noun,|Mediterraneans|
1946,meeting,Noun,|meetings|
1947,Megiddo,Noun,|Megiddos|
1948,Mehetabel,Noun,|Mehetabels|
1949,Mehida,Noun,|Mehidas|
1950,Meholah,Noun,|Meholahs|
1951,Meholah,Noun,|Meholahs|
1952,Mehujael,Noun,|Mehujaels|
1953,Mehuman,Noun,|Mehumans|
1954,Me Jarkon,Noun,|Mes Jarkon|
1955,Mekonah,Noun,|Mekonahs|
1956,Melatiah,Noun,|Melatiahs|
1957,Melchi,Noun,|Melchis|
1958,Melchizedek,Noun,|Melchizedeks|
1959,Melea,Noun,|Meleas|
1960,Melissa,Noun,|Melissas|
1961,Melki,Noun,|Melkis|
1962,member,Noun,|members|
1963,Memukan,Noun,|Memukans|
1964,Mene,Noun,|Mene|
1965,Menna,Noun,|Mennas|
1966,Mephaath,Noun,|Mephaaths|
1967,Mephibosheth,Noun,|Mephibosheths|
1968,Merab,Noun,|Merabs|
1969,Meraiah,Noun,|Meraiahs|
1970,Meraioth,Noun,|Meraioths|
1971,Merar,Noun,|Merars|
1972,Merari,Noun,|Meraris|
1973,merchandise,Noun,|merchandise|
1974,merchant,Noun,|merchants|
1975,mercy,Noun,|mercy|
1976,Meremoth,Noun,|Meremoths|
1977,Meres,Noun,|Mereses|
1978,Meribah,Noun,|Meribahs|
1979,Meronoth,Noun,|Meronoths|
1980,Meroz,Noun,|Merozs|
1981,Mesha,Noun,|Meshas|
1982,Meshach,Noun,|Meshaches|
1983,Meshech,Noun,|Mesheches|
1984,Meshezabel,Noun,|Meshezabels|
1985,Meshillemoth,Noun,|Meshillemoths|
1986,Meshullam,Noun,|Meshullams|
1987,Mesopotamia,Noun,|Mesopotamias|
1988,message,Noun,|messages|
1989,messenger,Noun,|messengers|
1990,Messiah,Noun,|Messiahs|
1991,metal,Noun,|metal|
1992,meter,Noun,|meters|
1993,Metheg Ammah,Noun,|Methegs Ammah|
1994,Methuselah,Noun,|Methuselahs|
1995,Methushael,Noun,|Methushaels|
1996,Meunim,Noun,|Meunims|
1997,Mibsam,Noun,|Mibsams|
1998,Mibzar,Noun,|Mibzars|
1999,Micah,Noun,|Micahs|
2000,Micaiah,Noun,|Micaiahs|
2001,Michael,Noun,|Michaels|
2002,Michal,Noun,|Michals|
2003,Middin,Noun,|Middins|
2004,middle,Noun,|middles|
2005,Midian,Noun,|Midians|
2006,Midian,Noun,|Midians|
2007,Midianite,Noun,|Midianites|
2008,midnight,Noun,|midnight|
2009,midwife,Noun,|midwives|
2010,Migdal-Eder,Noun,|Migdal-Eders|
2011,Migdal El,Noun,|Migdals El|
2012,Migdal Gad,Noun,|Migdals Gad|
2013,Migdol,Noun,|Migdols|
2014,Migron,Noun,|Migrons|
2015,Mijamin,Noun,|Mijamins|
2016,Mika,Noun,|Mikas|
2017,Mikmash,Noun,|Mikmashes|
2018,Mikmethath,Noun,|Mikmethaths|
2019,Milalai,Noun,|Milalais|
2020,Milcah,Noun,|Milcahs|
2021,mile,Noun,|miles|
2022,Miletus,Noun,|Miletuses|
2023,milk,Noun,|milk|
2024,Milkah,Noun,|Milkahs|
2025,Millo,Noun,|Millos|
2026,mina,Noun,|minas|
2027,mind,Noun,|minds|
2028,Miniamin,Noun,|Miniamins|
2029,Minnith,Noun,|Minniths|
2030,mint,Noun,|mint|
2031,minute,Noun,|minutes|
2032,miracle,Noun,|miracles|
2033,Miriam,Noun,|Miriams|
2034,Mishael,Noun,|Mishaels|
2035,Mishal,Noun,|Mishals|
2036,Mishma,Noun,|Mishmas|
2037,Mispereth,Noun,|Mispereths|
2038,Misrephoth Maim,Noun,|Misrephoths Maim|
2039,mistake,Noun,|mistakes|
2040,Mitylene,Noun,|Mitylenes|
2041,Mizpah,Noun,|Mizpahs|
2042,Mizraim,Noun,|Mizraims|
2043,Mizzah,Noun,|Mizzahs|
2044,Mnason,Noun,|Mnasons|
2045,Moab,Noun,|Moabs|
2046,Moabite,Noun,|Moabites|
2047,Moadiah,Noun,|Moadiahs|
2048,model,Noun,|models|
2049,Moladah,Noun,|Moladahs|
2050,mold,Noun,|mold|
2051,Molech,Noun,|Moleches|
2052,money,Noun,|money|
2053,month,Noun,|months|
2054,moon,Noun,|moons|
2055,Mordecai,Noun,|Mordecais|
2056,Moreh,Noun,|Morehs|
2057,Moriah,Noun,|Moriahs|
2058,morning,Noun,|mornings|
2059,mortar,Noun,|mortar|
2060,Moses,Noun,|Moseses|
2061,Most Holy Place,Noun,|Mosts Holy Place|
2062,moth,Noun,|moths|
2063,mother,Noun,|mothers|
2064,mother-in-law,Noun,|mothers-in-law|
2065,motive,Noun,|motives|
2066,Mount Adummim,Noun,|Mounts Adummim|
2067,mountain,Noun,|mountains|
2068,Mount Baal-Hermon,Noun,|Mounts Baal-Hermon|
2069,Mount Baalah,Noun,|Mounts Baalah|
2070,Mount Carmel,Noun,|Mounts Carmel|
2071,Mount Ebal,Noun,|Mounts Ebal|
2072,Mount Edom,Noun,|Mounts Edom|
2073,Mount Ephron,Noun,|Mounts Ephron|
2074,Mount Gaash,Noun,|Mounts Gaash|
2075,Mount Gerizim,Noun,|Mounts Gerizim|
2076,Mount Gilboa,Noun,|Mounts Gilboa|
2077,Mount Gilead,Noun,|Mounts Gilead|
2078,Mount Halak,Noun,|Mounts Halak|
2079,Mount Hermon,Noun,|Mounts Hermon|
2080,Mount Horeb,Noun,|Mounts Horeb|
2081,Mount Jearim,Noun,|Mounts Jearim|
2082,Mount Kesalon,Noun,|Mounts Kesalon|
2083,Mount of Olives,Noun,|Mounts of Olives|
2084,Mount Paran,Noun,|Mounts Paran|
2085,Mount Pisgah,Noun,|Mounts Pisgah|
2086,Mount Seir,Noun,|Mounts Seir|
2087,Mount Sinai,Noun,|Mounts Sinai|
2088,Mount Tabor,Noun,|Mounts Tabor|
2089,Mount Zalmon,Noun,|Mounts Zalmon|
2090,Mount Zion,Noun,|Mounts Zion|
2091,mouth,Noun,|mouths|
2092,Mozah,Noun,|Mozahs|
2093,mule,Noun,|mules|
2094,Muppim,Noun,|Muppims|
2095,muscle,Noun,|muscles|
2096,Mushi,Noun,|Mushis|
2097,music,Noun,|music|
2098,Myra,Noun,|Myras|
2099,myrrh,Noun,|myrrh|
2100,Mysia,Noun,|Mysias|
2101,mystery,Noun,|mysteries|
2102,Naamah,Noun,|Naamahs|
2103,Naaman,Noun,|Naamans|
2104,Naarah,Noun,|Naarahs|
2105,Nabal,Noun,|Nabals|
2106,Nadab,Noun,|Nadabs|
2107,Naggai,Noun,|Naggais|
2108,Nahalal,Noun,|Nahalals|
2109,Nahalol,Noun,|Nahalols|
2110,Nahamani,Noun,|Nahamanis|
2111,Naharai,Noun,|Naharais|
2112,Nahash,Noun,|Nahashes|
2113,Nahath,Noun,|Nahaths|
2114,Nahor,Noun,|Nahors|
2115,Nahshon,Noun,|Nahshons|
2116,Nahum,Noun,|Nahums|
2117,nail,Noun,|nails|
2118,Nain,Noun,|Nains|
2119,Naioth,Noun,|Naioths|
2120,Nakon,Noun,|Nakons|
2121,name,Noun,|names|
2122,Name,Noun,|Names|
2123,Nano,Noun,|Nanos|
2124,Naomi,Noun,|Naomis|
2125,Naphish,Noun,|Naphishes|
2126,Naphoth,Noun,|Naphoths|
2127,Naphoth Dor,Noun,|Naphoths Dor|
2128,Naphtali,Noun,|Naphtalis|
2129,Naphtuhite,Noun,|Naphtuhites|
2130,nard,Noun,|nards|
2131,Nathan,Noun,|Nathans|
2132,Nathanael,Noun,|Nathanaels|
2133,nation,Noun,|nations|
2134,Nazareth,Noun,|Nazareths|
2135,Nazirite,Noun,|Nazirites|
2136,Neah,Noun,|Neahs|
2137,Neapolis,Noun,|Neapolises|
2138,Nebai,Noun,|Nebais|
2139,Nebaioth,Noun,|Nebaioths|
2140,Neballat,Noun,|Neballats|
2141,Nebo,Noun,|Nebos|
2142,Nebuchadnezzar,Noun,|Nebuchadnezzars|
2143,neck,Noun,|necks|
2144,necklace,Noun,|necklaces|
2145,needle,Noun,|needles|
2146,Negev,Noun,|Negevs|
2147,Nehemiah,Noun,|Nehemiahs|
2148,Nehum,Noun,|Nehums|
2149,Neiel,Noun,|Neiels|
2150,neighbor,Noun,|neighbors|
2151,Nekoda,Noun,|Nekodas|
2152,Nepheg,Noun,|Nephegs|
2153,nephew,Noun,|nephews|
2154,Nephilim,Noun,|Nephilim|
2155,Nephtoah,Noun,|Nephtoahs|
2156,Nephusim,Noun,|Nephusims|
2157,Ner,Noun,|Ners|
2158,Neri,Noun,|Neris|
2159,nerve,Noun,|nerves|
2160,nest,Noun,|nests|
2161,net,Noun,|nets|
2162,Nethanel,Noun,|Nethanels|
2163,Netophah,Noun,|Netophahs|
2164,Netophath,Noun,|Netophaths|
2165,Netty,Noun,|Netties|
2166,New Moon,Noun,|New Moon|
2167,news,Noun,|news|
2168,Neziah,Noun,|Neziahs|
2169,Nezib,Noun,|Nezibs|
2170,Nibshan,Noun,|Nibshans|
2171,Nicanor,Noun,|Nicanors|
2172,Nicodemus,Noun,|Nicodemuses|
2173,Nicolas,Noun,|Nicolases|
2174,Nicopolis,Noun,|Nicopolises|
2175,Niger,Noun,|Nigers|
2176,night,Noun,|nights|
2177,Nile,Noun,|Niles|
2178,Nimrod,Noun,|Nimrods|
2179,Nina,Noun,|Ninas|
2180,Nineveh,Noun,|Ninevehs|
2181,Nisan,Noun,|Nisans|
2182,Noadiah,Noun,|Noadiahs|
2183,Noah,Noun,|Noahs|
2184,Nob,Noun,|Nobs|
2185,Nobah,Noun,|Nobahs|
2186,noble,Noun,|nobles|
2187,Nod,Noun,|Nods|
2188,noise,Noun,|noises|
2189,noon,Noun,|noon|
2190,north,Noun,|north|
2191,nose,Noun,|noses|
2192,November,Noun,|Novembers|
2193,number,Noun,|numbers|
2194,Numbers,Noun,|Numbers|
2195,Nun,Noun,|Nuns|
2196,nurse,Noun,|nurses|
2197,Nympha,Noun,|Nymphas|
2198,oath,Noun,|oaths|
2199,Obadiah,Noun,|Obadiahs|
2200,Obal,Noun,|Obals|
2201,Obed,Noun,|Obeds|
2202,Obed-Edom,Noun,|Obed-Edoms|
2203,object,Noun,|objects|
2204,ocean,Noun,|oceans|
2205,offering,Noun,|offerings|
2206,offering burnt,Noun,|offerings|
2207,offering drink,Noun,|offerings|
2208,offering fellowship,Noun,|offerings|
2209,offering food,Noun,|offerings|
2210,offering Freewill,Noun,|offerings|
2211,offering grain,Noun,|offerings|
2212,offering sin,Noun,|offerings|
2213,office,Noun,|offices|
2214,officer,Noun,|officers|
2215,official,Noun,|officials|
2216,Og,Noun,|Ogs|
2217,Ohad,Noun,|Ohads|
2218,Oholibamah,Noun,|Oholibamahs|
2219,oil,Noun,|oil|
2220,oil olive,Noun,|oil|
2221,olive,Noun,|olives|
2222,Omar,Noun,|Omars|
2223,omer,Noun,|omers|
2224,On,Noun,|Ons|
2225,Onam,Noun,|Onams|
2226,Onan,Noun,|Onans|
2227,Onesimus,Noun,|Onesimuses|
2228,Ono,Noun,|Onos|
2229,onyx,Noun,|onyx|
2230,Ophel,Noun,|Ophels|
2231,Ophir,Noun,|Ophirs|
2232,Ophni,Noun,|Ophnis|
2233,Ophrah,Noun,|Ophrahs|
2234,opinion,Noun,|opinions|
2235,opponent,Noun,|opponents|
2236,Oreb,Noun,|Orebs|
2237,organ,Noun,|organs|
2238,organization,Noun,|organizations|
2239,Orpah,Noun,|Orpahs|
2240,orphan,Noun,|orphans|
2241,Othniel,Noun,|Othniels|
2242,ounce,Noun,|ounces|
2243,outside,Noun,|outsides|
2244,oven,Noun,|ovens|
2245,overseer,Noun,|overseers|
2246,owner,Noun,|owners|
2247,ox,Noun,|oxen|
2248,Paarai,Noun,|Paarais|
2249,Paddan Aram,Noun,|Paddans Aram|
2250,Padon,Noun,|Padons|
2251,Pahath-Moab,Noun,|Pahath-Moabs|
2252,pain,Noun,|pain|
2253,paint,Noun,|paint|
2254,palace,Noun,|palaces|
2255,Palace of the Forest of Lebanon,Noun,|Palaces of the Forest of Lebanon|
2256,Palal,Noun,|Palals|
2257,Pallu,Noun,|Pallus|
2258,palm,Noun,|palms|
2259,Palti,Noun,|Paltis|
2260,Paltiel,Noun,|Paltiels|
2261,Pamphylia,Noun,|Pamphylias|
2262,pan,Noun,|pans|
2263,Paphos,Noun,|Paphoses|
2264,parable,Noun,|parables|
2265,Parah,Noun,|Parahs|
2266,Paran,Noun,|Parans|
2267,parent,Noun,|parents|
2268,Parmashta,Noun,|Parmashtas|
2269,Parmenas,Noun,|Parmenases|
2270,Parosh,Noun,|Paroshes|
2271,Parshandatha,Noun,|Parshandathas|
2272,Parsin,Noun,|Parsin|
2273,part,Noun,|parts|
2274,Parthia,Noun,|Parthias|
2275,party,Noun,|parties|
2276,Paruah,Noun,|Paruahs|
2277,Pas Dammim,Noun,|Pases|
2278,Paseah,Noun,|Paseahs|
2279,Pashhur,Noun,|Pashhurs|
2280,Pashhur,Noun,|Pashhurs|
2281,Pass Scorpion,Noun,|Passes|
2282,Passhur,Noun,|Passhurs|
2283,Pass of Adummim,Noun,|Passes|
2284,Passover,Noun,|Passovers|
2285,past,Noun,|past|
2286,pastor,Noun,|pastors|
2287,pasture,Noun,|pastures|
2288,Patara,Noun,|Pataras|
2289,path,Noun,|paths|
2290,Pathrusite,Noun,|Pathrusites|
2291,Patmos,Noun,|Patmoses|
2292,Pau,Noun,|Paus|
2293,Paul,Noun,|Pauls|
2294,Paulus,Noun,|Pauluses|
2295,payment,Noun,|payments|
2296,pea,Noun,|peas|
2297,peace,Noun,|peace|
2298,peacock,Noun,|peacocks|
2299,pearl,Noun,|pearls|
2300,Pedaiah,Noun,|Pedaiahs|
2301,Pelaiah,Noun,|Pelaiahs|
2302,Pelaliah,Noun,|Pelaliahs|
2303,Pelatiah,Noun,|Pelatiahs|
2304,Peleg,Noun,|Pelegs|
2305,Pelet,Noun,|Pelets|
2306,Peleth,Noun,|Peleths|
2307,Pelethite,Noun,|Pelethites|
2308,pen,Noun,|pens|
2309,Peniel,Noun,|Peniels|
2310,Peninnah,Noun,|Peninnahs|
2311,penis,Noun,|penises|
2312,penny,Noun,|pennies|
2313,Pentecost,Noun,|Pentecosts|
2314,Penual,Noun,|Penuals|
2315,Peor,Noun,|Peors|
2316,Peres,Noun,|Peres|
2317,Perez,Noun,|Perezs|
2318,Perez Uzzah,Noun,|Perezs Uzzah|
2319,perfume,Noun,|perfumes|
2320,Perga,Noun,|Pergas|
2321,Perida,Noun,|Peridas|
2322,period,Noun,|periods|
2323,Perizzite,Noun,|Perizzites|
2324,Persia,Noun,|Persias|
2325,person,Noun,|people|
2326,Peter,Noun,|Peters|
2327,Pethahiah,Noun,|Pethahiahs|
2328,Pethuel,Noun,|Pethuels|
2329,Phanuel,Noun,|Phanuels|
2330,Pharaoh,Noun,|Pharaohs|
2331,Pharisee,Noun,|Pharisees|
2332,Phicol,Noun,|Phicols|
2333,Philemon,Noun,|Philemons|
2334,Philip,Noun,|Philips|
2335,Philippi,Noun,|Philippis|
2336,Philippians,Noun,|Philippians|
2337,Philistia,Noun,|Philistias|
2338,Philistine,Noun,|Philistines|
2339,Phinehas,Noun,|Phinehases|
2340,Phoenicia,Noun,|Phoenicias|
2341,Phoenician,Noun,|Phoenicians|
2342,Phoenix,Noun,|Phoenixes|
2343,Phrygia,Noun,|Phrygias|
2344,pick,Noun,|picks|
2345,picture,Noun,|pictures|
2346,piece,Noun,|pieces|
2347,pig,Noun,|pigs|
2348,pigeon,Noun,|pigeons|
2349,Pi Hahiroth,Noun,|Pis Hahiroth|
2350,Pilate,Noun,|Pilates|
2351,Pildash,Noun,|Pildashes|
2352,pile,Noun,|piles|
2353,Pilha,Noun,|Pilhas|
2354,pillar,Noun,|pillars|
2355,Pillar of Absalom,Noun,|Pillars of Absalom|
2356,Piltai,Noun,|Piltais|
2357,Pinon,Noun,|Pinons|
2358,Piram,Noun,|Pirams|
2359,Pirathon,Noun,|Pirathons|
2360,Pisgah,Noun,|Pisgahs|
2361,Pishon,Noun,|Pishons|
2362,Pisidia,Noun,|Pisidias|
2363,Pisidian Antioch,Noun,|Pisidians Antioch|
2364,pistachio,Noun,|pistachios|
2365,pit,Noun,|pits|
2366,pitcher,Noun,|pitchers|
2367,pitchfork,Noun,|pitchforks|
2368,Pithom,Noun,|Pithoms|
2369,pity,Noun,|pity|
2370,place,Noun,|places|
2371,plague,Noun,|plagues|
2372,plain,Noun,|plains|
2373,plain of Ono,Noun,|plains|
2374,plan,Noun,|plans|
2375,plant,Noun,|plants|
2376,plant hyssop,Noun,|plants|
2377,plant mandrake,Noun,|plants|
2378,plastic,Noun,|plastic|
2379,plate,Noun,|plates|
2380,platter,Noun,|platters|
2381,pleasure,Noun,|pleasures|
2382,plow,Noun,|plows|
2383,pocket,Noun,|pockets|
2384,poem,Noun,|poems|
2385,point,Noun,|points|
2386,poison,Noun,|poison|
2387,Pokereth-Hazzebaim,Noun,|Pokereth-Hazzebaims|
2388,pole,Noun,|poles|
2389,pomegranate,Noun,|pomegranates|
2390,pond,Noun,|ponds|
2391,Pontius Pilate,Noun,|Pontiuses|
2392,Pontus,Noun,|Pontuses|
2393,Pool of Siloam,Noun,|Pools|
2394,pool,Noun,|pools|
2395,Poratha,Noun,|Porathas|
2396,porch,Noun,|porches|
2397,Porcius Festus,Noun,|Porciuses|
2398,possession,Noun,|possessions|
2399,post,Noun,|posts|
2400,pot,Noun,|pots|
2401,Potiphar,Noun,|Potiphars|
2402,Potiphera,Noun,|Potipheras|
2403,pound,Noun,|pounds|
2404,power,Noun,|power|
2405,Praetorium,Noun,|Praetoriums|
2406,prayer,Noun,|prayers|
2407,present,Noun,|present|
2408,price,Noun,|prices|
2409,priest,Noun,|priests|
2410,prince,Noun,|princes|
2411,Prince of princes,Noun,|Princes of princes|
2412,princess,Noun,|princesses|
2413,Priscilla,Noun,|Priscillas|
2414,prison,Noun,|prisons|
2415,prisoner,Noun,|prisoners|
2416,prize,Noun,|prizes|
2417,problem,Noun,|problems|
2418,Procorus,Noun,|Procoruses|
2419,profit,Noun,|profit|
2420,promise,Noun,|promises|
2421,property,Noun,|properties|
2422,prophet,Noun,|prophets|
2423,prostitute,Noun,|prostitutes|
2424,proverb,Noun,|proverbs|
2425,Proverbs,Noun,|Proverbs|
2426,province,Noun,|provinces|
2427,Psalms,Noun,|Psalms|
2428,Ptolemais,Noun,|Ptolemaises|
2429,Puah,Noun,|Puahs|
2430,Publius,Noun,|Publiuses|
2431,Pur,Noun,|Purs|
2432,Purah,Noun,|Purahs|
2433,Purim,Noun,|Purims|
2434,purpose,Noun,|purposes|
2435,purse,Noun,|purses|
2436,pus,Noun,|pus|
2437,Put,Noun,|Puts|
2438,Put,Noun,|Puts|
2439,Puteoli,Noun,|Puteolis|
2440,Putiel,Noun,|Putiels|
2441,Pyrrhus,Noun,|Pyrrhuses|
2442,quail,Noun,|quails|
2443,quality,Noun,|qualities|
2444,quart,Noun,|quarts|
2445,queen,Noun,|queens|
2446,Queen,Noun,|Queens|
2447,question,Noun,|questions|
2448,Quirinius,Noun,|Quiriniuses|
2449,Raamah,Noun,|Raamahs|
2450,Raamiah,Noun,|Raamiahs|
2451,Rabbah,Noun,|Rabbahs|
2452,rabbi,Noun,|rabbis|
2453,Rabbith,Noun,|Rabbiths|
2454,raca,Noun,|racas|
2455,race,Noun,|races|
2456,Rachel,Noun,|Rachels|
2457,rage,Noun,|rage|
2458,Rahab,Noun,|Rahabs|
2459,rain,Noun,|rain|
2460,rainbow,Noun,|rainbows|
2461,raisin,Noun,|raisins|
2462,Rakal,Noun,|Rakals|
2463,Rakkath,Noun,|Rakkaths|
2464,Rakkon,Noun,|Rakkons|
2465,Ram,Noun,|Rams|
2466,ram,Noun,|rams|
2467,Ramah,Noun,|Ramahs|
2468,Ramathaim,Noun,|Ramathaims|
2469,Ramath Lehi,Noun,|Ramaths Lehi|
2470,Ramath Mizpah,Noun,|Ramaths Mizpah|
2471,Rameses,Noun,|Rameseses|
2472,Ramoth,Noun,|Ramoths|
2473,Ramoth Negev,Noun,|Ramoths Negev|
2474,Rapha,Noun,|Raphas|
2475,rat,Noun,|rats|
2476,rattle,Noun,|rattles|
2477,raven,Noun,|ravens|
2478,Reaiah,Noun,|Reaiahs|
2479,reason,Noun,|reasons|
2480,Reba,Noun,|Rebas|
2481,Rebekah,Noun,|Rebekahs|
2482,rebel,Noun,|rebels|
2483,reed,Noun,|reeds|
2484,refuge,Noun,|refuges|
2485,region,Noun,|regions|
2486,region of Akzib,Noun,|regions of Akzib|
2487,Rehob,Noun,|Rehobs|
2488,Rehoboam,Noun,|Rehoboams|
2489,Rehoboth,Noun,|Rehoboths|
2490,Rehoboth Ir,Noun,|Rehoboths Ir|
2491,Rehum,Noun,|Rehums|
2492,Rei,Noun,|Reis|
2493,Rekab,Noun,|Rekabs|
2494,Rekem,Noun,|Rekems|
2495,Rekem,Noun,|Rekems|
2496,relationship,Noun,|relationships|
2497,relative,Noun,|relatives|
2498,religion,Noun,|religions|
2499,Remeth,Noun,|Remeths|
2500,Rephaiah,Noun,|Rephaiahs|
2501,Rephaite,Noun,|Rephaites|
2502,Rephan,Noun,|Rephans|
2503,Rephidim,Noun,|Rephidims|
2504,report,Noun,|reports|
2505,representative,Noun,|representatives|
2506,reptile,Noun,|reptiles|
2507,Resen,Noun,|Resens|
2508,rest,Noun,|rest|
2509,result,Noun,|results|
2510,resurrection,Noun,|resurrections|
2511,Reu,Noun,|Reus|
2512,Reuben,Noun,|Reubens|
2513,Reuel,Noun,|Reuels|
2514,Reumah,Noun,|Reumahs|
2515,reward,Noun,|rewards|
2516,Rezin,Noun,|Rezins|
2517,Rhegium,Noun,|Rhegiums|
2518,Rhesa,Noun,|Rhesas|
2519,Rhoda,Noun,|Rhodas|
2520,Rhodes,Noun,|Rhodeses|
2521,rib,Noun,|ribs|
2522,Ribai,Noun,|Ribais|
2523,riddle,Noun,|riddles|
2524,right,Noun,|rights|
2525,righteousness,Noun,|righteousness|
2526,Rimmon,Noun,|Rimmons|
2527,Rimmon,Noun,|Rimmons|
2528,ring,Noun,|rings|
2529,ring nose,Noun,|rings|
2530,Riphath,Noun,|Riphaths|
2531,River Arnon,Noun,|Rivers|
2532,River Euphrates,Noun,|Rivers|
2533,River Jabbok,Noun,|Rivers|
2534,River Jordan,Noun,|Rivers|
2535,River Kishon,Noun,|Rivers|
2536,River Shihor,Noun,|Rivers|
2537,river,Noun,|rivers|
2538,River Nile,Noun,|Rivers|
2539,Rizpah,Noun,|Rizpahs|
2540,road,Noun,|roads|
2541,robe,Noun,|robes|
2542,Rock,Noun,|Rocks|
2543,rod,Noun,|rods|
2544,Rodanite,Noun,|Rodanites|
2545,Rogelim,Noun,|Rogelims|
2546,Romans,Noun,|Romanses|
2547,Rome,Noun,|Romes|
2548,roof,Noun,|roofs|
2549,room,Noun,|rooms|
2550,room banquet,Noun,|rooms|
2551,rooster,Noun,|roosters|
2552,root,Noun,|roots|
2553,rope,Noun,|ropes|
2554,Rosh,Noun,|Roshes|
2555,row,Noun,|rows|
2556,Rufus,Noun,|Rufuses|
2557,rule,Noun,|rules|
2558,ruler,Noun,|rulers|
2559,rumor,Noun,|rumors|
2560,rust,Noun,|rust|
2561,Ruth,Noun,|Ruths|
2562,Sabbath,Noun,|Sabbaths|
2563,Sabean,Noun,|Sabeans|
2564,Sabtah,Noun,|Sabtahs|
2565,Sabteca,Noun,|Sabtecas|
2566,sackcloth,Noun,|sackcloth|
2567,sacrifice,Noun,|sacrifices|
2568,sacrifice New Moon,Noun,|sacrifices|
2569,saddle,Noun,|saddles|
2570,Sadducee,Noun,|Sadducees|
2571,sail,Noun,|sails|
2572,saint,Noun,|saints|
2573,Salamis,Noun,|Salamises|
2574,Salekah,Noun,|Salekahs|
2575,Salem,Noun,|Salems|
2576,Salim,Noun,|Salims|
2577,saliva,Noun,|saliva|
2578,Sallei,Noun,|Salleis|
2579,Sallu,Noun,|Sallus|
2580,Salmon,Noun,|Salmons|
2581,Salmone,Noun,|Salmones|
2582,Salome,Noun,|Salomes|
2583,salt,Noun,|salt|
2584,salvation,Noun,|salvation|
2585,Samaria,Noun,|Samarias|
2586,Samaritan,Noun,|Samaritans|
2587,Samlah,Noun,|Samlahs|
2588,Samos,Noun,|Samoses|
2589,Samothrace,Noun,|Samothraces|
2590,Samson,Noun,|Samsons|
2591,Samuel,Noun,|Samuels|
2592,Sanballat,Noun,|Sanballats|
2593,sand,Noun,|sand|
2594,sandal,Noun,|sandals|
2595,Sanhedrin,Noun,|Sanhedrins|
2596,Sansannah,Noun,|Sansannahs|
2597,Saph,Noun,|Saphs|
2598,Sapphira,Noun,|Sapphiras|
2599,Sarah,Noun,|Sarahs|
2600,Sarai,Noun,|Sarais|
2601,Sarid,Noun,|Sarids|
2602,Satan,Noun,|Satans|
2603,Saul,Noun,|Sauls|
2604,Savior,Noun,|Saviors|
2605,saw,Noun,|saws|
2606,saying,Noun,|sayings|
2607,scale,Noun,|scales|
2608,scepter,Noun,|scepters|
2609,Sceva,Noun,|Scevas|
2610,school,Noun,|schools|
2611,scorpion,Noun,|scorpions|
2612,Scribe,Noun,|Scribes|
2613,scripture,Noun,|scriptures|
2614,scroll,Noun,|scrolls|
2615,Sea Dead,Noun,|Seas|
2616,Sea Mediterranean,Noun,|Seas|
2617,Sea Red,Noun,|Seas|
2618,sea,Noun,|seas|
2619,seah,Noun,|seahs|
2620,seal,Noun,|seals|
2621,Sea of Arabah,Noun,|Seas of Arabah|
2622,Sea of Galilee,Noun,|Seas of Galilee|
2623,season,Noun,|seasons|
2624,seat,Noun,|seats|
2625,Seba,Noun,|Sebas|
2626,second,Noun,|seconds|
2627,secret,Noun,|secrets|
2628,secretary,Noun,|secretaries|
2629,Secundus,Noun,|Secunduses|
2630,seed,Noun,|seeds|
2631,seed coriander,Noun,|seeds|
2632,seed mustard,Noun,|seeds|
2633,Seir,Noun,|Seirs|
2634,Seir,Noun,|Seirs|
2635,Seirah,Noun,|Seirahs|
2636,seizure,Noun,|seizures|
2637,Sekakah,Noun,|Sekakahs|
2638,Seku,Noun,|Sekus|
2639,Sela,Noun,|Selas|
2640,Sela Hammahlekoth,Noun,|Selas Hammahlekoth|
2641,Seleucia,Noun,|Seleucias|
2642,Semein,Noun,|Semeins|
2643,semen,Noun,|semen|
2644,Senaah,Noun,|Senaahs|
2645,Seneh,Noun,|Senehs|
2646,sentence,Noun,|sentences|
2647,Sephar,Noun,|Sephars|
2648,Serah,Noun,|Serahs|
2649,Seraiah,Noun,|Seraiahs|
2650,Sered,Noun,|Sereds|
2651,Sergius Paulus,Noun,|Sergiuses|
2652,Serug,Noun,|Serugs|
2653,servant,Noun,|servants|
2654,set,Noun,|sets|
2655,Seth,Noun,|Seths|
2656,Shaalabbin,Noun,|Shaalabbins|
2657,Shaalbim,Noun,|Shaalbims|
2658,Shaalbon,Noun,|Shaalbons|
2659,Shaalim,Noun,|Shaalims|
2660,Shaaraim,Noun,|Shaaraims|
2661,Shaashgaz,Noun,|Shaashgazs|
2662,Shabbethai,Noun,|Shabbethais|
2663,shadow,Noun,|shadows|
2664,Shadrach,Noun,|Shadraches|
2665,Shahazumah,Noun,|Shahazumahs|
2666,Shalisha,Noun,|Shalishas|
2667,Shallum,Noun,|Shallums|
2668,Shallun,Noun,|Shalluns|
2669,Shalmai,Noun,|Shalmais|
2670,shame,Noun,|shame|
2671,Shamgar,Noun,|Shamgars|
2672,Shamir,Noun,|Shamirs|
2673,Shammah,Noun,|Shammahs|
2674,Shammua,Noun,|Shammuas|
2675,shape,Noun,|shapes|
2676,Sharar,Noun,|Sharars|
2677,Sharon,Noun,|Sharons|
2678,Sharuhen,Noun,|Sharuhens|
2679,Shaul,Noun,|Shauls|
2680,Shaveh,Noun,|Shavehs|
2681,Shaveh Kiriathaim,Noun,|Shavehs Kiriathaim|
2682,shawl,Noun,|shawls|
2683,sheaf,Noun,|sheaves|
2684,Shealtiel,Noun,|Shealtiels|
2685,Sheba,Noun,|Shebas|
2686,Shebaniah,Noun,|Shebaniahs|
2687,Shechem,Noun,|Shechems|
2688,Shechem,Noun,|Shechems|
2689,sheep,Noun,|sheep|
2690,sheet,Noun,|sheets|
2691,Shekaniah,Noun,|Shekaniahs|
2692,shekel,Noun,|shekels|
2693,Shelah,Noun,|Shelahs|
2694,Shelemiah,Noun,|Shelemiahs|
2695,Sheleph,Noun,|Shelephs|
2696,shell,Noun,|shells|
2697,Shell Publishing,Noun,|Shells Publishing|
2698,shelter,Noun,|shelters|
2699,Shem,Noun,|Shems|
2700,Shema,Noun,|Shemas|
2701,Shemaiah,Noun,|Shemaiahs|
2702,Shemeber,Noun,|Shemebers|
2703,Shemida,Noun,|Shemidas|
2704,Shen,Noun,|Shens|
2705,Sheol,Noun,|Sheols|
2706,Shephatiah,Noun,|Shephatiahs|
2707,shepherd,Noun,|shepherds|
2708,Shepho,Noun,|Shephos|
2709,Sherebiah,Noun,|Sherebiahs|
2710,Sheshai,Noun,|Sheshais|
2711,Shethar,Noun,|Shethars|
2712,Sheva,Noun,|Shevas|
2713,Shibah,Noun,|Shibahs|
2714,Shibboleth,Noun,|Shibboleths|
2715,shield,Noun,|shields|
2716,shigionoth,Noun,|shigionoths|
2717,Shihor Libnath,Noun,|Shihors Libnath|
2718,Shikkeron,Noun,|Shikkerons|
2719,Shilhim,Noun,|Shilhims|
2720,Shillem,Noun,|Shillems|
2721,Shiloh,Noun,|Shilohs|
2722,Shiloh,Noun,|Shilohs|
2723,Shimeah,Noun,|Shimeahs|
2724,Shimei,Noun,|Shimeis|
2725,Shimron,Noun,|Shimrons|
2726,Shimron Meron,Noun,|Shimrons Meron|
2727,Shinab,Noun,|Shinabs|
2728,Shinar,Noun,|Shinars|
2729,Shion,Noun,|Shions|
2730,ship,Noun,|ships|
2731,Shiphrah,Noun,|Shiphrahs|
2732,shirt,Noun,|shirts|
2733,Shisha,Noun,|Shishas|
2734,Shittim,Noun,|Shittims|
2735,Shobab,Noun,|Shobabs|
2736,Shobai,Noun,|Shobais|
2737,Shobak,Noun,|Shobaks|
2738,Shobal,Noun,|Shobals|
2739,Shobek,Noun,|Shobeks|
2740,Shobi,Noun,|Shobis|
2741,shoe,Noun,|shoes|
2742,shore,Noun,|shores|
2743,shoulder,Noun,|shoulders|
2744,Shua,Noun,|Shuas|
2745,Shuah,Noun,|Shuahs|
2746,Shual,Noun,|Shuals|
2747,Shunem,Noun,|Shunems|
2748,Shuni,Noun,|Shunis|
2749,Shur,Noun,|Shurs|
2750,Sia,Noun,|Sias|
2751,Sibbekai,Noun,|Sibbekais|
2752,Sibboleth,Noun,|Sibboleths|
2753,Sibmah,Noun,|Sibmahs|
2754,sickle,Noun,|sickles|
2755,Siddim,Noun,|Siddims|
2756,side,Noun,|sides|
2757,Sidon,Noun,|Sidons|
2758,Sidon,Noun,|Sidons|
2759,Sidonian,Noun,|Sidonians|
2760,sign,Noun,|signs|
2761,Sihon,Noun,|Sihons|
2762,Silas,Noun,|Silases|
2763,Siloam,Noun,|Siloams|
2764,silver,Noun,|silver|
2765,Simeon,Noun,|Simeons|
2766,Simon,Noun,|Simons|
2767,sin,Noun,|sins|
2768,Sin,Noun,|Sins|
2769,Sinai,Noun,|Sinais|
2770,singer,Noun,|singers|
2771,Sinite,Noun,|Sinites|
2772,sinner,Noun,|sinners|
2773,Siphmoth,Noun,|Siphmoths|
2774,Sirah,Noun,|Sirahs|
2775,Sisera,Noun,|Siseras|
2776,sister,Noun,|sisters|
2777,sister,Noun,|sisters|
2778,sister,Noun,|sisters|
2779,Sithri,Noun,|Sithris|
2780,Sitnah,Noun,|Sitnahs|
2781,Sivan,Noun,|Sivans|
2782,size,Noun,|sizes|
2783,skill,Noun,|skills|
2784,skin,Noun,|skins|
2785,skull,Noun,|skulls|
2786,sky,Noun,|skies|
2787,slave,Noun,|slaves|
2788,sleep,Noun,|sleep|
2789,sling,Noun,|slings|
2790,smoke,Noun,|smoke|
2791,snake,Noun,|snakes|
2792,snare,Noun,|snares|
2793,snow,Noun,|snow|
2794,soap,Noun,|soap|
2795,Socoh,Noun,|Socohs|
2796,Sodom,Noun,|Sodoms|
2797,soil,Noun,|soil|
2798,Sokoh,Noun,|Sokohs|
2799,soldier,Noun,|soldiers|
2800,Solomon,Noun,|Solomons|
2801,son,Noun,|sons|
2802,Son,Noun,|Sons|
2803,son-in-law,Noun,|sons-in-law|
2804,song,Noun,|songs|
2805,Son of David,Noun,|Sons of David|
2806,Son of God,Noun,|Sons of God|
2807,Son of Man,Noun,|Sons of Man|
2808,Sopater,Noun,|Sopaters|
2809,Sophereth,Noun,|Sophereths|
2810,sorcerer,Noun,|sorcerers|
2811,sore,Noun,|sores|
2812,Sorek,Noun,|Soreks|
2813,Sosthenes,Noun,|Sostheneses|
2814,Sotai,Noun,|Sotais|
2815,soul,Noun,|souls|
2816,sound,Noun,|sounds|
2817,south,Noun,|south|
2818,space,Noun,|spaces|
2819,sparrow,Noun,|sparrows|
2820,spear,Noun,|spears|
2821,spice,Noun,|spices|
2822,spirit,Noun,|spirits|
2823,Spirit,Noun,|Spirits|
2824,sponge,Noun,|sponges|
2825,spouse,Noun,|spouses|
2826,spring,Noun,|springs|
2827,spring,Noun,|springs|
2828,spy,Noun,|spies|
2829,square,Noun,|squares|
2830,stable,Noun,|stables|
2831,staff,Noun,|staffs|
2832,stair,Noun,|stairs|
2833,stalk,Noun,|stalks|
2834,star,Noun,|stars|
2835,statue,Noun,|statues|
2836,step,Noun,|steps|
2837,Stephen,Noun,|Stephens|
2838,stew,Noun,|stew|
2839,stick,Noun,|sticks|
2840,stomach,Noun,|stomachs|
2841,stone,Noun,|stones|
2842,Stone of Bohan,Noun,|Stones of Bohan|
2843,Stone of Zoheleth,Noun,|Stones of Zoheleth|
2844,store,Noun,|stores|
2845,storeroom,Noun,|storerooms|
2846,storm,Noun,|storms|
2847,story,Noun,|stories|
2848,Straight,Noun,|Straights|
2849,stranger,Noun,|strangers|
2850,strap,Noun,|straps|
2851,straw,Noun,|straw|
2852,stream,Noun,|streams|
2853,Stream of Egypt,Noun,|Streams of Egypt|
2854,street,Noun,|streets|
2855,strength,Noun,|strength|
2856,string,Noun,|strings|
2857,string bow,Noun,|strings|
2858,stripe,Noun,|stripes|
2859,structure,Noun,|structures|
2860,student,Noun,|students|
2861,substance,Noun,|substances|
2862,Succoth,Noun,|Succoths|
2863,Sukkoth,Noun,|Sukkoths|
2864,sulfur,Noun,|sulfur|
2865,summer,Noun,|summers|
2866,sun,Noun,|suns|
2867,Sunday,Noun,|Sundaies|
2868,sunrise,Noun,|sunrises|
2869,surface,Noun,|surfaces|
2870,Susa,Noun,|Susas|
2871,Susanna,Noun,|Susannas|
2872,swarm,Noun,|swarms|
2873,sword,Noun,|swords|
2874,Sychar,Noun,|Sychars|
2875,synagogue,Noun,|synagogues|
2876,Syntyche,Noun,|Syntyches|
2877,Syracuse,Noun,|Syracuses|
2878,Syria,Noun,|Syrias|
2879,Syrtis,Noun,|Syrtises|
2880,Taanach,Noun,|Taanaches|
2881,Taanath Shiloh,Noun,|Taanaths Shiloh|
2882,Tabbaoth,Noun,|Tabbaoths|
2883,Tabbath,Noun,|Tabbaths|
2884,tabernacle,Noun,|tabernacles|
2885,Tabitha,Noun,|Tabithas|
2886,table,Noun,|tables|
2887,tablet,Noun,|tablets|
2888,Tabor,Noun,|Tabors|
2889,Tahash,Noun,|Tahashes|
2890,Tahtim Hodshi,Noun,|Tahtims Hodshi|
2891,tail,Noun,|tails|
2892,talent,Noun,|talents|
2893,Talmai,Noun,|Talmais|
2894,Talmon,Noun,|Talmons|
2895,Tamar,Noun,|Tamars|
2896,tambourine,Noun,|tambourines|
2897,Taphath,Noun,|Taphaths|
2898,Tappuah,Noun,|Tappuahs|
2899,tar,Noun,|tar|
2900,Taralah,Noun,|Taralahs|
2901,Tarshish,Noun,|Tarshishes|
2902,Tarshish,Noun,|Tarshishes|
2903,Tarsus,Noun,|Tarsuses|
2904,tax,Noun,|taxes|
2905,teacher,Noun,|teachers|
2906,teaching,Noun,|teachings|
2907,tear,Noun,|tears|
2908,teaspoon,Noun,|teaspoons|
2909,Tebah,Noun,|Tebahs|
2910,Tebeth,Noun,|Tebeths|
2911,Tekel,Noun,|Tekel|
2912,Tekoa,Noun,|Tekoas|
2913,Telaim,Noun,|Telaims|
2914,Telem,Noun,|Telems|
2915,Tel Harsha,Noun,|Tels Harsha|
2916,Tel Melah,Noun,|Tels Melah|
2917,Tema,Noun,|Temas|
2918,Temah,Noun,|Temahs|
2919,Teman,Noun,|Temans|
2920,Teman,Noun,|Temans|
2921,Temanite,Noun,|Temanites|
2922,temple,Noun,|temples|
2923,temple,Noun,|temples|
2924,tendon,Noun,|tendons|
2925,tent,Noun,|tents|
2926,tenth,Noun,|tenths|
2927,Terah,Noun,|Terahs|
2928,Teresh,Noun,|Tereshes|
2929,Terpen,Noun,|Terpens|
2930,Tertullus,Noun,|Tertulluses|
2931,Teshi,Noun,|Teshis|
2932,test,Noun,|tests|
2933,testicle,Noun,|testicles|
2934,Thaddaeus,Noun,|Thaddaeuses|
2935,Thebes,Noun,|Thebeses|
2936,Thebez,Noun,|Thebezs|
2937,Theophilus,Noun,|Theophiluses|
2938,there,Noun,|theres|
2939,Thessalonica,Noun,|Thessalonicas|
2940,The Summer Institute of Linguistics,Noun,|Thes Summer Institute of Linguistics|
2941,Theudas,Noun,|Theudases|
2942,thief,Noun,|thieves|
2943,thigh,Noun,|thighs|
2944,thing,Noun,|things|
2945,Thomas,Noun,|Thomases|
2946,thorn,Noun,|thorns|
2947,thought,Noun,|thoughts|
2948,thread,Noun,|threads|
2949,throat,Noun,|throats|
2950,throne,Noun,|thrones|
2951,thumb,Noun,|thumbs|
2952,Thummim,Noun,|Thummims|
2953,thunder,Noun,|thunder|
2954,Thyatira,Noun,|Thyatiras|
2955,Tiberias,Noun,|Tiberiases|
2956,Tidal,Noun,|Tidals|
2957,Tigris,Noun,|Tigrises|
2958,Timaeus,Noun,|Timaeuses|
2959,time,Noun,|times|
2960,Timna,Noun,|Timnas|
2961,Timnah,Noun,|Timnahs|
2962,Timnath-Heres,Noun,|Timnath-Hereses|
2963,Timnath Serah,Noun,|Timnaths Serah|
2964,Timon,Noun,|Timons|
2965,Timothy,Noun,|Timothies|
2966,tip,Noun,|tips|
2967,Tiphsah,Noun,|Tiphsahs|
2968,Tiras,Noun,|Tirases|
2969,Tirzah,Noun,|Tirzahs|
2970,tithe,Noun,|tithes|
2971,Titius Justus,Noun,|Titiuses|
2972,Titus,Noun,|Tituses|
2973,Tob,Noun,|Tobs|
2974,Tobiah,Noun,|Tobiahs|
2975,today,Noun,|today|
2976,toe,Noun,|toes|
2977,Togarmah,Noun,|Togarmahs|
2978,Tohu,Noun,|Tohus|
2979,Tola,Noun,|Tolas|
2980,tomb,Noun,|tombs|
2981,tomorrow,Noun,|tomorrows|
2982,ton,Noun,|tons|
2983,tongue,Noun,|tongues|
2984,tool,Noun,|tools|
2985,tooth,Noun,|teeth|
2986,top,Noun,|tops|
2987,topaz,Noun,|topaz|
2988,torch,Noun,|torches|
2989,Tou,Noun,|Tous|
2990,towel,Noun,|towels|
2991,Tower of Hananel,Noun,|Towers|
2992,Tower of the Hundred,Noun,|Towers|
2993,Tower of the Ovens,Noun,|Towers|
2994,tower,Noun,|towers|
2995,town,Noun,|towns|
2996,Traconitis,Noun,|Traconitises|
2997,tradition,Noun,|traditions|
2998,trap,Noun,|traps|
2999,treasure,Noun,|treasures|
3000,treasurer,Noun,|treasurers|
3001,treasury,Noun,|treasuries|
3002,treaty,Noun,|treaties|
3003,tree acacia,Noun,|trees|
3004,tree almond,Noun,|trees|
3005,tree apple,Noun,|trees|
3006,tree cedar,Noun,|trees|
3007,tree cypress,Noun,|trees|
3008,tree mulberry,Noun,|trees|
3009,tree mustard,Noun,|trees|
3010,tree myrtle,Noun,|trees|
3011,tree oak,Noun,|trees|
3012,tree,Noun,|trees|
3013,tree fig,Noun,|trees|
3014,tree olive,Noun,|trees|
3015,tree palm,Noun,|trees|
3016,tree pomegranate,Noun,|trees|
3017,tree poplar,Noun,|trees|
3018,tree sycamore,Noun,|trees|
3019,tree tamarisk,Noun,|trees|
3020,trench,Noun,|trenches|
3021,tribe,Noun,|tribes|
3022,Troas,Noun,|Troases|
3023,Trophimus,Noun,|Trophimuses|
3024,trouble,Noun,|trouble|
3025,trough,Noun,|troughs|
3026,trumpet,Noun,|trumpets|
3027,truth,Noun,|truth|
3028,Tubal,Noun,|Tubals|
3029,Tubal-Cain,Noun,|Tubal-Cains|
3030,tumor,Noun,|tumors|
3031,tunnel,Noun,|tunnels|
3032,Turkey,Noun,|Turkeies|
3033,twin,Noun,|twins|
3034,Tychicus,Noun,|Tychicuses|
3035,Tyrannus,Noun,|Tyrannuses|
3036,Tyre,Noun,|Tyres|
3037,Ulai,Noun,|Ulais|
3038,Ummah,Noun,|Ummahs|
3039,uncle,Noun,|uncles|
3040,universe,Noun,|universes|
3041,Unni,Noun,|Unnis|
3042,Uphaz,Noun,|Uphazs|
3043,Upper Beth Horon,Noun,|Uppers Beth Horon|
3044,Ur,Noun,|Urs|
3045,Uri,Noun,|Uris|
3046,Uriah,Noun,|Uriahs|
3047,Urim,Noun,|Urims|
3048,Uz,Noun,|Uzs|
3049,Uzai,Noun,|Uzais|
3050,Uzal,Noun,|Uzals|
3051,Uzza,Noun,|Uzzas|
3052,Uzzah,Noun,|Uzzahs|
3053,Uzzi,Noun,|Uzzis|
3054,Uzziah,Noun,|Uzziahs|
3055,Uzziel,Noun,|Uzziels|
3056,vaccine,Noun,|vaccines|
3057,Vaizatha,Noun,|Vaizathas|
3058,Valley King`s,Noun,|Valleies|
3059,valley,Noun,|valleys|
3060,valley Dead Sea,Noun,|valleys|
3061,valley Hebron,Noun,|valleys|
3062,valley Shaveh,Noun,|valleys|
3063,valley Siddim,Noun,|valleys|
3064,Valley of Achor,Noun,|Valleies|
3065,Valley of Aijalon,Noun,|Valleies|
3066,Valley of Ben Hinnom,Noun,|Valleies|
3067,Valley of Besor,Noun,|Valleies|
3068,Valley of Elah,Noun,|Valleies|
3069,Valley of Gerar,Noun,|Valleies|
3070,Valley of Giants,Noun,|Valleies|
3071,Valley of Hinnom,Noun,|Valleies|
3072,Valley of Iphtah El,Noun,|Valleies|
3073,Valley of Jehoshaphat,Noun,|Valleies|
3074,Valley of Jezreel,Noun,|Valleies|
3075,Valley of Kanah,Noun,|Valleies|
3076,Valley of Kidron,Noun,|Valleies|
3077,Valley of Mizpah,Noun,|Valleies|
3078,Valley of Rephaim,Noun,|Valleies|
3079,Valley of Salt,Noun,|Valleies|
3080,Valley of Zeboyim,Noun,|Valleies|
3081,value,Noun,|values|
3082,Vashti,Noun,|Vashtis|
3083,vault,Noun,|vaults|
3084,vegetable,Noun,|vegetables|
3085,vehicle,Noun,|vehicles|
3086,veil,Noun,|veils|
3087,verse,Noun,|verses|
3088,veterinarian,Noun,|veterinarians|
3089,village,Noun,|villages|
3090,vine,Noun,|vines|
3091,vinegar,Noun,|vinegar|
3092,vineyard,Noun,|vineyards|
3093,violence,Noun,|violence|
3094,viper,Noun,|vipers|
3095,virgin,Noun,|virgins|
3096,vision,Noun,|visions|
3097,voice,Noun,|voices|
3098,vow,Noun,|vows|
3099,vulture,Noun,|vultures|
3100,Wadi of Egypt,Noun,|Wadis of Egypt|
3101,wage,Noun,|wages|
3102,wagon,Noun,|wagons|
3103,waist,Noun,|waists|
3104,Wall Broad,Noun,|Walls|
3105,Wall of Ophel,Noun,|Walls|
3106,wall,Noun,|walls|
3107,war,Noun,|wars|
3108,warrior,Noun,|warriors|
3109,water,Noun,|water|
3110,Waters of Merom,Noun,|Waterses|
3111,Waters of Nephtoah,Noun,|Waterses|
3112,wave,Noun,|waves|
3113,way,Noun,|ways|
3114,Way,Noun,|Way|
3115,wealth,Noun,|wealth|
3116,weapon,Noun,|weapons|
3117,weather,Noun,|weather|
3118,wedding,Noun,|weddings|
3119,weed,Noun,|weeds|
3120,week,Noun,|weeks|
3121,weight,Noun,|weights|
3122,Well Jackal,Noun,|Wells|
3123,well,Noun,|wells|
3124,west,Noun,|west|
3125,wheat,Noun,|wheat|
3126,wheel,Noun,|wheels|
3127,whip,Noun,|whips|
3128,whirlwind,Noun,|whirlwinds|
3129,widow,Noun,|widows|
3130,width,Noun,|widths|
3131,wife,Noun,|wives|
3132,wilderness,Noun,|wildernesses|
3133,will,Noun,|wills|
3134,wind,Noun,|winds|
3135,wind,Noun,|wind|
3136,window,Noun,|windows|
3137,wine,Noun,|wine|
3138,winepress,Noun,|winepresses|
3139,wineskin,Noun,|wineskins|
3140,wing,Noun,|wings|
3141,winter,Noun,|winters|
3142,wire,Noun,|wires|
3143,wisdom,Noun,|wisdom|
3144,witchcraft,Noun,|witchcraft|
3145,wolf,Noun,|wolves|
3146,woman,Noun,|women|
3147,womb,Noun,|wombs|
3148,wonder,Noun,|wonders|
3149,wood,Noun,|wood|
3150,wood acacia,Noun,|wood|
3151,wood almug,Noun,|wood|
3152,wood cedar,Noun,|wood|
3153,wood juniper,Noun,|wood|
3154,wool,Noun,|wool|
3155,word,Noun,|words|
3156,word of life,Noun,|words of life|
3157,work,Noun,|work|
3158,worker,Noun,|workers|
3159,world,Noun,|worlds|
3160,World Vision,Noun,|Worlds Vision|
3161,worm,Noun,|worms|
3162,wormwood,Noun,|wormwood|
3163,wound,Noun,|wounds|
3164,wrath,Noun,|wrath|
3165,wreath,Noun,|wreaths|
3166,Xerxes,Noun,|Xerxeses|
3167,Yahweh,Noun,|Yahwehs|
3168,Yahweh Almighty,Noun,|Yahwehs Almighty|
3169,yard,Noun,|yards|
3170,Yatima,Noun,|Yatimas|
3171,year,Noun,|years|
3172,yeast,Noun,|yeast|
3173,yoke,Noun,|yokes|
3174,Zaanannim,Noun,|Zaanannims|
3175,Zaavan,Noun,|Zaavans|
3176,Zabbai,Noun,|Zabbais|
3177,Zabdi,Noun,|Zabdis|
3178,Zabdiel,Noun,|Zabdiels|
3179,Zabud,Noun,|Zabuds|
3180,Zacchaeus,Noun,|Zacchaeuses|
3181,Zadok,Noun,|Zadoks|
3182,Zakkai,Noun,|Zakkais|
3183,Zakkur,Noun,|Zakkurs|
3184,Zalaph,Noun,|Zalaphs|
3185,Zalmon,Noun,|Zalmons|
3186,Zalmunna,Noun,|Zalmunnas|
3187,Zanoah,Noun,|Zanoahs|
3188,Zaphenath-Panea,Noun,|Zaphenath-Paneas|
3189,Zaphon,Noun,|Zaphons|
3190,Zarephath,Noun,|Zarephaths|
3191,Zarethan,Noun,|Zarethans|
3192,Zattu,Noun,|Zattus|
3193,Zealot,Noun,|Zealots|
3194,Zebah,Noun,|Zebahs|
3195,Zebedee,Noun,|Zebedees|
3196,Zeboiim,Noun,|Zeboiims|
3197,Zeboim,Noun,|Zeboims|
3198,Zebul,Noun,|Zebuls|
3199,Zebulun,Noun,|Zebuluns|
3200,Zechariah,Noun,|Zechariahs|
3201,Zedekiah,Noun,|Zedekiahs|
3202,Zeeb,Noun,|Zeebs|
3203,Zela,Noun,|Zelas|
3204,Zelah,Noun,|Zelahs|
3205,Zelek,Noun,|Zeleks|
3206,Zelophehad,Noun,|Zelophehads|
3207,Zelzah,Noun,|Zelzahs|
3208,Zemaraim,Noun,|Zemaraims|
3209,Zemarite,Noun,|Zemarites|
3210,Zenan,Noun,|Zenans|
3211,Zenas,Noun,|Zenases|
3212,Zeno,Noun,|Zenos|
3213,Zephath,Noun,|Zephaths|
3214,Zepho,Noun,|Zephos|
3215,Zephon,Noun,|Zephons|
3216,Zer,Noun,|Zers|
3217,Zerah,Noun,|Zerahs|
3218,Zerephath,Noun,|Zerephaths|
3219,Zererah,Noun,|Zererahs|
3220,Zeresh,Noun,|Zereshes|
3221,Zereth Shahar,Noun,|Zereths Shahar|
3222,Zeror,Noun,|Zerors|
3223,Zerubbabel,Noun,|Zerubbabels|
3224,Zeruiah,Noun,|Zeruiahs|
3225,Zethar,Noun,|Zethars|
3226,Zeus,Noun,|Zeuses|
3227,Ziba,Noun,|Zibas|
3228,Zibeon,Noun,|Zibeons|
3229,Ziddim,Noun,|Ziddims|
3230,Ziha,Noun,|Zihas|
3231,Ziklag,Noun,|Ziklags|
3232,Zikri,Noun,|Zikris|
3233,Zillah,Noun,|Zillahs|
3234,Zilpah,Noun,|Zilpahs|
3235,Zimran,Noun,|Zimrans|
3236,Zimri,Noun,|Zimris|
3237,Zin,Noun,|Zins|
3238,Zion,Noun,|Zions|
3239,Zior,Noun,|Ziors|
3240,Ziph,Noun,|Ziphs|
3241,Zippor,Noun,|Zippors|
3242,Zipporah,Noun,|Zipporahs|
3243,Ziv,Noun,|Zivs|
3244,Zoar,Noun,|Zoars|
3245,Zobah,Noun,|Zobahs|
3246,Zohar,Noun,|Zohars|
3247,Zorah,Noun,|Zorahs|
3248,Zuph,Noun,|Zuphs|
3249,Zur,Noun,|Zurs|
3250,Zuzite,Noun,|Zuzites|
3251,1 Samuel,Noun,|1 Samuel|
3252,1 Thessalonians,Noun,|1 Thessalonians|
3253,2 pm,Noun,|2s pm|
3254,2 Samuel,Noun,|2s Samuel|
3255,2 Thessalonians,Noun,|2 Thessalonians|
3256,3 pm,Noun,|3s pm|
3257,4 pm,Noun,|4s pm|
3258,5 pm,Noun,|5s pm|
3259,9 am,Noun,|9 am|
